build_mode,search_depth,minimum_path_probability,optimize_baseline_weights,stage,candidate,games,mean_score,median_score,score_stddev,runtime_seconds,main_line,structural_stability,adverse_stuck,structural_displacement,empty_cells,monotonicity,smoothness,corner_preference,search_nodes,game_ms_per_move,cache_hit_rate
Release,4,0,true,1,0,3,47436,37000,26314.717707017113,110.720287375,0,0,0,0,85.221621525239641,44.83062947862652,43.676658929747916,28.751796341054963,1608008242,15.882975995696455,0.54023954915494554
Release,4,0,true,1,1,3,64230.666666666664,62136,48799.728250609485,238.675053209,4,1,2,2,85.221621525239641,44.83062947862652,43.676658929747916,28.751796341054963,1668413178,27.63081780111137,0.52697729895800505
Release,4,0,true,1,2,3,50006.666666666664,36284,26516.283701403812,69.225745416999999,4,0,0,0,85.221621525239641,44.83062947862652,43.676658929747916,28.751796341054963,1682748548,9.4480283255083926,0.54130797875258274
Release,4,0,true,1,3,3,62602.666666666664,48028,54336.343098641941,99.522847541999994,4,0,0,2,85.221621525239641,44.83062947862652,43.676658929747916,28.751796341054963,1749683397,12.089750880709426,0.53364128183041426
Release,4,0,true,1,4,3,99953.333333333328,81244,50922.505253898627,302.99929087499999,0.42307768772504512,6.0666770253277047,9.398604147433522,2.021755460438059,57.138216702302209,63.153087363661584,48.617274196141004,24.662013691639952,2137750342,22.949272860940692,0.51083232998126615
Release,4,0,true,1,5,3,59321.333333333336,59744,22069.035804342093,245.16357074999999,1.4619380018957044,0.21564738556367416,1.212753321279167,8.1116653271397716,106.11698106228029,24.481549746834236,49.050526809139477,20.829644620536719,1741847682,28.883544675895379,0.53069480747695497
Release,4,0,true,1,6,3,94109.333333333328,109936,29980.517496089578,323.08424570900002,1.3726429758766383,1.1744151055476499,3.0596792676181983,0.56089881089668769,115.82974924638357,37.302367198010373,24.712293838159923,27.468659832176016,2281353084,27.065778741057212,0.52370978825931169
Release,4,0,true,1,7,3,67608,52412,40223.735679322475,2127.7082045000002,3.4685435309822195,2.6435561875170235,2.4723517085228028,4.7102185162482542,57.680332977251645,46.347860648307474,69.967284075564081,24.190558630275522,1752337617,234.74273682060903,0.52445222434633842
Release,4,0,true,1,8,3,46585.333333333336,38696,27632.015151510997,1000.759266667,20.068351083525091,0.13190161895502511,5.764063293406096,0.31307195384993269,62.235324468724912,61.811313984881096,37.02399765319467,24.132682218132206,1303286277,146.22431768702515,0.51278514101227801
Release,4,0,true,1,9,3,41881.333333333336,36964,12203.164398357228,1037.6397756660001,9.5135379410270193,0.17728543950873463,0.22672760445586956,8.6369740640351029,96.684824180164085,42.996901976928818,19.72129730473047,33.523157763818944,1427864301,168.28409605108664,0.5396794989297049
Release,4,0,true,1,10,3,17812,3768,25874.692191405873,73.020822917000004,23.482725430186719,0.57996186851518805,13.535703380420763,1.0389757298870532,49.102465157963934,66.480199457648894,25.964680168565721,31.295995081480775,517127064,27.430811154019533,0.5188978236375581
Release,4,0,true,1,11,3,75922.666666666672,77584,7154.16559308864,569.91219308300003,7.8650722586171868,0.48836036436299535,4.4943734908073942,9.1953597618190823,66.804881341478691,22.016219777019696,61.670413553426748,38.946025727137226,1923696746,54.215387346936836,0.52001767357815809
Release,4,0,true,1,12,3,44912,36448,23223.151551845844,209.07029625000001,1.8597112434721237,0.11417293741318223,2.7598132223557919,0.67449452238562391,35.824836848894172,66.809783739145047,68.456670811630644,34.98122294937243,1448331712,31.919123905801523,0.5367014652716745
Release,4,0,true,1,13,3,54128,51008,18720.026068357918,292.264638375,1.0611960169196821,0.17224967496677712,3.2820089332242652,13.022632092071051,80.959291682117922,31.343405142568127,40.389146694902401,41.250776037898866,1644753918,37.023640792627319,0.53425019435510557
Release,4,0,true,1,14,3,43206.666666666664,37588,31237.314182453862,261.92768745799998,0.68328140652758751,0.17535661671418115,2.5149989083177879,0.94756562897794505,70.896444437310763,79.068800058261232,27.981596426116688,29.21266279244286,1417465360,40.875104641385761,0.53739499658666623
Release,4,0,true,1,15,3,54872,57060,18244.665631356471,367.80945420799998,8.4415358442392456,0.53311087057191964,0.41620191413877394,8.8794326900464426,127.97543520710894,21.588309295311038,27.53666810199071,16.110012351261954,1726768425,47.124844319795002,0.53406374636682341
Release,4,0,true,1,16,3,65518.666666666664,78652,24609.963619098125,385.08821191700002,1.3271797037713833,1.4997226573344973,0.56692654584522784,6.5072398403914784,85.83709377587607,18.272885695036496,61.111683698874849,36.357974357539042,1695352654,41.207936124451585,0.51996338153463029
Release,4,0,true,1,17,3,56090.666666666664,61076,26069.987750924112,401.37406108300002,1.3903310229706454,0.92265066022442754,10.694539180682135,2.6284903058906073,71.455938584434463,49.772993955593641,24.255684863448284,50.360077701424878,1748373217,50.209411021766314,0.53607643835874608
Release,4,0,true,1,18,3,50621.333333333336,37908,26676.102363976137,323.86622162499998,1.2637891739434486,2.6080939000989516,1.0136965261464681,1.2845898588962799,92.135383620071821,54.114025607702956,41.385641297024677,17.675486290784406,1485400962,43.425338076696164,0.5314188526808038
Release,4,0,true,1,19,3,48902.666666666664,36388,24905.791240860697,354.56559537499999,9.9615057997250442,0.45635797215021739,7.4748044608692528,8.3079344842408283,70.113164025622581,64.649024271425247,20.648977445555758,29.868937815080063,1611073514,49.437472990936975,0.53348150332752187
Release,4,0,true,1,20,3,82605.333333333328,78412,27479.022495957408,469.38743862500002,5.11313839695128,0.17989875105919867,8.3229390716132308,2.7689463019887008,73.142228226631261,50.842389383111623,50.17468229829953,20.936483845014227,2108212274,43.138259289954966,0.52362189132636838
Release,4,0,true,1,21,3,60784,64672,21892.483458940878,407.742607292,0.63732538684290374,0.2114326427563927,2.941226797468838,6.1883724749406372,69.147329581104444,60.015568325302198,31.076467823783609,41.262983242470028,1832344064,46.668487562435622,0.53096521942672625
Release,4,0,true,1,22,3,63364,76948,24789.235405715925,480.90281049999999,2.1110543105141502,2.5397380335974278,0.27932366158044519,1.8743335266836052,51.312104504257526,75.704887935841555,53.320569730168991,24.338694572025361,1754152175,53.648235534694336,0.52749185640517127
Release,4,0,true,1,23,3,27344,23756,9917.3601326159369,680.96786891700003,2.9507808366427155,9.4844937625838099,3.306834334788912,0.47262988849518156,67.232289233622311,46.101686490444372,47.261822791633207,34.670168936458516,892947344,154.20467152581523,0.53825418639162403
Release,4,0,true,1,24,3,44240,37048,13254.570834244314,1122.8011859999999,1.1611198473101283,1.0353114897584652,2.9714948705563557,0.29313291753771248,106.12483405148645,44.225536591380099,25.655913437311803,30.01336306932803,1438665421,170.61254376234618,0.5384984452009105
Release,4,0,true,1,25,3,56885.333333333336,60792,17580.615385512912,220.98793162499999,5.455859629250277,2.862251663369896,18.821954293841792,1.412472252459019,67.344682171093197,35.212637285771109,33.843834323549508,46.527014655334256,1569960045,27.151729762992996,0.52569046668223196
Release,4,0,true,1,26,3,57344,58640,4246.9904638461339,279.98668362500001,2.4864970744953467,1.2976206951540912,1.813364232106897,1.078753121283077,65.211673156522622,34.672635240169633,80.190049811046791,24.730112943890589,1735077979,35.276131404686907,0.53524734374037308
Release,4,0,true,1,27,3,30005.333333333332,35632,11138.43747270385,196.13918520799999,1.4549868728929078,0.2310082269947088,1.9329551146715545,10.360143901672023,107.51526770472223,47.202945699621033,21.050385263671512,21.733013490423094,1129180550,40.507883149111933,0.54345549846276864
Release,4,0,true,1,28,3,25990.666666666668,27560,10514.208545265465,588.36678254200001,8.2909578612238537,0.50058077401638967,2.4475202344366589,12.67030007058192,68.422285225627917,28.874611666122608,69.942496300179172,20.331954142480519,1073995922,140.75759590311009,0.54898576600953675
Release,4,0,true,1,29,3,57341.333333333336,60416,23670.24675269215,1214.5380223340001,3.2314463413711771,1.0214014665786291,3.6351730281738011,0.40249591204331331,57.69137057023061,25.47494077638574,73.273043249483379,46.750834930402384,1627927950,149.59206589986451,0.53094267322046373
Release,4,0,true,1,30,3,80130.666666666672,79256,47658.020157506893,1275.7700097500001,2.9045468893683473,1.4470663972895352,10.455840402762322,1.3921581582840894,91.145069916776933,34.467767965143203,48.485105421983178,21.183151123061435,1912472003,119.6557845815982,0.52040542983123117
Release,4,0,true,1,31,3,46766.666666666664,61236,25942.973255456542,1182.6740930829999,1.941127941263594,0.12363055150768239,1.4002235830796641,7.245951806610007,72.83201260832179,25.669513741266972,77.669797849111433,24.598448193507913,1473946894,173.9226563970588,0.53790639266714446
Release,4,0,true,2,4,8,69570,62060,39119.863628158448,2577.7740107499999,0.42307768772504512,6.0666770253277047,9.398604147433522,2.021755460438059,57.138216702302209,63.153087363661584,48.617274196141004,24.662013691639952,4477940334,100.93875683949408,0.51729701384103111
Release,4,0,true,2,6,8,73682,69146,27721.45343540682,938.104021708,1.3726429758766383,1.1744151055476499,3.0596792676181983,0.56089881089668769,115.82974924638357,37.302367198010373,24.712293838159923,27.468659832176016,5323027666,35.66392869905718,0.52780668220762961
Release,4,0,true,2,20,8,65396,66500,26320.045505822582,985.48662937500001,5.11313839695128,0.17989875105919867,8.3229390716132308,2.7689463019887008,73.142228226631261,50.842389383111623,50.17468229829953,20.936483845014227,4842226258,41.036292678242759,0.52764682516452865
Release,4,0,true,2,30,8,66891,63316,29646.260665193029,933.86515737499997,2.9045468893683473,1.4470663972895352,10.455840402762322,1.3921581582840894,91.145069916776933,34.467767965143203,48.485105421983178,21.183151123061435,4741121217,38.221467695657516,0.52725386183223844
Release,4,0,true,2,11,8,54391.5,60362,24634.492467734286,1644.8522895420001,7.8650722586171868,0.48836036436299535,4.4943734908073942,9.1953597618190823,66.804881341478691,22.016219777019696,61.670413553426748,38.946025727137226,4257083478,79.182219291099031,0.52937059246527884
Release,4,0,true,2,7,8,66083,64204,25519.898857838089,5100.347794458,3.4685435309822195,2.6435561875170235,2.4723517085228028,4.7102185162482542,57.680332977251645,46.347860648307474,69.967284075564081,24.190558630275522,4674142778,209.48567514313879,0.52573938434701506
Release,4,0,true,2,16,8,66184,75206,18716.465234043069,2239.3625969169998,1.3271797037713833,1.4997226573344973,0.56692654584522784,6.5072398403914784,85.83709377587607,18.272885695036496,61.111683698874849,36.357974357539042,4806135305,89.299459321928452,0.52465572613234412
Release,4,0,true,2,1,8,75557.5,76674,37724.333151353196,3831.779673083,4,1,2,2,85.221621525239641,44.83062947862652,43.676658929747916,28.751796341054963,5206256349,142.91819113110293,0.52538589247462886
Release,4,0,true,2,22,8,65873.5,75110,21057.925762728184,1117.4357075,2.1110543105141502,2.5397380335974278,0.27932366158044519,1.8743335266836052,51.312104504257526,75.704887935841555,53.320569730168991,24.338694572025361,4712138429,45.017954012609778,0.52369374792157319
Release,4,0,true,2,3,8,68322.5,62136,41420.625638511476,815.34356170800004,4,0,0,2,85.221621525239641,44.83062947862652,43.676658929747916,28.751796341054963,4889582660,33.06742589491828,0.52879587686184437
Release,4,0,true,2,21,8,56073.5,49230,31436.768422615307,644.34576304100005,0.63732538684290374,0.2114326427563927,2.941226797468838,6.1883724749406372,69.147329581104444,60.015568325302198,31.076467823783609,41.262983242470028,4559433869,30.272289953817239,0.53365904170257172
Release,4,0,true,2,5,8,60705,60874,17169.40877590972,671.62815495799998,1.4619380018957044,0.21564738556367416,1.212753321279167,8.1116653271397716,106.11698106228029,24.481549746834236,49.050526809139477,20.829644620536719,4764666779,29.205031382702096,0.53061253833471755
Release,4,0,true,2,26,8,51592,55116,15872.253310190621,604.11826379199999,2.4864970744953467,1.2976206951540912,1.813364232106897,1.078753121283077,65.211673156522622,34.672635240169633,80.190049811046791,24.730112943890589,4306939547,30.758017938699656,0.53587092855839935
Release,4,0,true,2,29,8,64225.5,69750,29308.479197275705,672.76912170799994,3.2314463413711771,1.0214014665786291,3.6351730281738011,0.40249591204331331,57.69137057023061,25.47494077638574,73.273043249483379,46.750834930402384,4782373292,28.204799015511675,0.5286765899312631
Release,4,0,true,2,25,8,60603.5,65480,16754.880150485795,653.14510966600005,5.455859629250277,2.862251663369896,18.821954293841792,1.412472252459019,67.344682171093197,35.212637285771109,33.843834323549508,46.527014655334256,4435600810,28.622821835268855,0.52609459521480062
Release,4,0,true,2,17,8,75020.5,78434,24063.812160883524,851.20480166699997,1.3903310229706454,0.92265066022442754,10.694539180682135,2.6284903058906073,71.455938584434463,49.772993955593641,24.255684863448284,50.360077701424878,5493345964,30.913492524750318,0.52761757426585754
Release,4,0,true,3,1,20,64604.800000000003,64006,28457.823169329764,2156.273458875,4,1,2,2,85.221621525239641,44.83062947862652,43.676658929747916,28.751796341054963,11967746977,36.31922043606199,0.52939643299573069
Release,4,0,true,3,17,20,63209.400000000001,72038,24004.708039093188,2041.4899587909999,1.3903310229706454,0.92265066022442754,10.694539180682135,2.6284903058906073,71.455938584434463,49.772993955593641,24.255684863448284,50.360077701424878,12225159860,34.568691759363993,0.53038304828762273
Release,4,0,true,3,6,20,72372,66562,26121.631125019336,1839.501717333,1.3726429758766383,1.1744151055476499,3.0596792676181983,0.56089881089668769,115.82974924638357,37.302367198010373,24.712293838159923,27.468659832176016,13065138557,28.12779616792562,0.52717558980290957
Release,4,0,true,3,4,20,66260.399999999994,62060,31586.498112159785,1583.124760333,0.42307768772504512,6.0666770253277047,9.398604147433522,2.021755460438059,57.138216702302209,63.153087363661584,48.617274196141004,24.662013691639952,11137691558,25.786714556203478,0.52016768611934394
Release,4,0,true,3,3,20,60804.800000000003,58846,29296.815637270385,661.45690970800001,4,0,0,2,85.221621525239641,44.83062947862652,43.676658929747916,28.751796341054963,11649653180,11.72130804917423,0.53143322016510419
Release,4,0,true,3,30,20,60093.599999999999,60772,24366.703715046115,1592.0129737909999,2.9045468893683473,1.4470663972895352,10.455840402762322,1.3921581582840894,91.145069916776933,34.467767965143203,48.485105421983178,21.183151123061435,11316177973,28.391284194439493,0.53024611378699493
