timestamp_utc,git_commit,build_mode,agent,evaluator,evaluator_parameters,feature_configuration,search_depth,depth_definition,seed_partition,minimum_path_probability,time_limit_seconds,optimization_configuration,seed,score,moves,max_tile_exponent,max_tile,runtime_seconds,aggregate_search_total_nodes,aggregate_search_cache_hits
2026-08-25T20:01:58.796Z,unavailable,Release,N1-fixed,N1,,"N1:ntuple-td-learned:experiments/weights/n8_global_1M.at200000.bin:tuples=6+6+6+6+6,active=41,global,weights=83886336,hash=87a28c1c8afe36da",3,"depth counts player layers; depth 1 = player move, spawn, evaluator",custom,0,0,none,30000,171700,7144,13,8192,3.017547875,5395685172,1725581477
2026-08-25T20:01:58.796Z,unavailable,Release,N1-fixed,N1,,"N1:ntuple-td-learned:experiments/weights/n8_global_1M.at200000.bin:tuples=6+6+6+6+6,active=41,global,weights=83886336,hash=87a28c1c8afe36da",3,"depth counts player layers; depth 1 = player move, spawn, evaluator",custom,0,0,none,30001,220548,8076,14,16384,3.2625629169999999,5395685172,1725581477
2026-08-25T20:01:58.796Z,unavailable,Release,N1-fixed,N1,,"N1:ntuple-td-learned:experiments/weights/n8_global_1M.at200000.bin:tuples=6+6+6+6+6,active=41,global,weights=83886336,hash=87a28c1c8afe36da",3,"depth counts player layers; depth 1 = player move, spawn, evaluator",custom,0,0,none,30002,220568,8082,14,16384,3.3513225000000002,5395685172,1725581477
2026-08-25T20:01:58.796Z,unavailable,Release,N1-fixed,N1,,"N1:ntuple-td-learned:experiments/weights/n8_global_1M.at200000.bin:tuples=6+6+6+6+6,active=41,global,weights=83886336,hash=87a28c1c8afe36da",3,"depth counts player layers; depth 1 = player move, spawn, evaluator",custom,0,0,none,30003,216844,7903,14,16384,3.4311595420000001,5395685172,1725581477
2026-08-25T20:01:58.796Z,unavailable,Release,N1-fixed,N1,,"N1:ntuple-td-learned:experiments/weights/n8_global_1M.at200000.bin:tuples=6+6+6+6+6,active=41,global,weights=83886336,hash=87a28c1c8afe36da",3,"depth counts player layers; depth 1 = player move, spawn, evaluator",custom,0,0,none,30004,215444,7824,14,16384,3.1479712499999999,5395685172,1725581477
2026-08-25T20:01:58.796Z,unavailable,Release,N1-fixed,N1,,"N1:ntuple-td-learned:experiments/weights/n8_global_1M.at200000.bin:tuples=6+6+6+6+6,active=41,global,weights=83886336,hash=87a28c1c8afe36da",3,"depth counts player layers; depth 1 = player move, spawn, evaluator",custom,0,0,none,30005,177308,7467,13,8192,2.935482709,5395685172,1725581477
2026-08-25T20:01:58.796Z,unavailable,Release,N1-fixed,N1,,"N1:ntuple-td-learned:experiments/weights/n8_global_1M.at200000.bin:tuples=6+6+6+6+6,active=41,global,weights=83886336,hash=87a28c1c8afe36da",3,"depth counts player layers; depth 1 = player move, spawn, evaluator",custom,0,0,none,30006,175872,7376,13,8192,2.8384763340000001,5395685172,1725581477
2026-08-25T20:01:58.796Z,unavailable,Release,N1-fixed,N1,,"N1:ntuple-td-learned:experiments/weights/n8_global_1M.at200000.bin:tuples=6+6+6+6+6,active=41,global,weights=83886336,hash=87a28c1c8afe36da",3,"depth counts player layers; depth 1 = player move, spawn, evaluator",custom,0,0,none,30007,216276,7859,14,16384,3.089827208,5395685172,1725581477
2026-08-25T20:01:58.796Z,unavailable,Release,N1-fixed,N1,,"N1:ntuple-td-learned:experiments/weights/n8_global_1M.at200000.bin:tuples=6+6+6+6+6,active=41,global,weights=83886336,hash=87a28c1c8afe36da",3,"depth counts player layers; depth 1 = player move, spawn, evaluator",custom,0,0,none,30008,216360,7862,14,16384,3.396243959,5395685172,1725581477
2026-08-25T20:01:58.796Z,unavailable,Release,N1-fixed,N1,,"N1:ntuple-td-learned:experiments/weights/n8_global_1M.at200000.bin:tuples=6+6+6+6+6,active=41,global,weights=83886336,hash=87a28c1c8afe36da",3,"depth counts player layers; depth 1 = player move, spawn, evaluator",custom,0,0,none,30009,176576,7395,13,8192,2.8994990839999999,5395685172,1725581477
2026-08-25T20:01:58.796Z,unavailable,Release,N1-fixed,N1,,"N1:ntuple-td-learned:experiments/weights/n8_global_1M.at200000.bin:tuples=6+6+6+6+6,active=41,global,weights=83886336,hash=87a28c1c8afe36da",3,"depth counts player layers; depth 1 = player move, spawn, evaluator",custom,0,0,none,30010,176128,7349,13,8192,2.9177469999999999,5395685172,1725581477
2026-08-25T20:01:58.796Z,unavailable,Release,N1-fixed,N1,,"N1:ntuple-td-learned:experiments/weights/n8_global_1M.at200000.bin:tuples=6+6+6+6+6,active=41,global,weights=83886336,hash=87a28c1c8afe36da",3,"depth counts player layers; depth 1 = player move, spawn, evaluator",custom,0,0,none,30011,169996,7106,13,8192,2.8140777080000001,5395685172,1725581477
2026-08-25T20:01:58.796Z,unavailable,Release,N1-fixed,N1,,"N1:ntuple-td-learned:experiments/weights/n8_global_1M.at200000.bin:tuples=6+6+6+6+6,active=41,global,weights=83886336,hash=87a28c1c8afe36da",3,"depth counts player layers; depth 1 = player move, spawn, evaluator",custom,0,0,none,30012,215524,7844,14,16384,3.165421958,5395685172,1725581477
2026-08-25T20:01:58.796Z,unavailable,Release,N1-fixed,N1,,"N1:ntuple-td-learned:experiments/weights/n8_global_1M.at200000.bin:tuples=6+6+6+6+6,active=41,global,weights=83886336,hash=87a28c1c8afe36da",3,"depth counts player layers; depth 1 = player move, spawn, evaluator",custom,0,0,none,30013,216720,7876,14,16384,3.1145013330000002,5395685172,1725581477
2026-08-25T20:01:58.796Z,unavailable,Release,N1-fixed,N1,,"N1:ntuple-td-learned:experiments/weights/n8_global_1M.at200000.bin:tuples=6+6+6+6+6,active=41,global,weights=83886336,hash=87a28c1c8afe36da",3,"depth counts player layers; depth 1 = player move, spawn, evaluator",custom,0,0,none,30014,112800,4644,13,8192,1.9405603330000001,5395685172,1725581477
2026-08-25T20:01:58.796Z,unavailable,Release,N1-fixed,N1,,"N1:ntuple-td-learned:experiments/weights/n8_global_1M.at200000.bin:tuples=6+6+6+6+6,active=41,global,weights=83886336,hash=87a28c1c8afe36da",3,"depth counts player layers; depth 1 = player move, spawn, evaluator",custom,0,0,none,30015,213120,7691,14,16384,3.0893663330000001,5395685172,1725581477
2026-08-25T20:01:58.796Z,unavailable,Release,N1-fixed,N1,,"N1:ntuple-td-learned:experiments/weights/n8_global_1M.at200000.bin:tuples=6+6+6+6+6,active=41,global,weights=83886336,hash=87a28c1c8afe36da",3,"depth counts player layers; depth 1 = player move, spawn, evaluator",custom,0,0,none,30016,216412,7891,14,16384,3.0252970000000001,5395685172,1725581477
2026-08-25T20:01:58.796Z,unavailable,Release,N1-fixed,N1,,"N1:ntuple-td-learned:experiments/weights/n8_global_1M.at200000.bin:tuples=6+6+6+6+6,active=41,global,weights=83886336,hash=87a28c1c8afe36da",3,"depth counts player layers; depth 1 = player move, spawn, evaluator",custom,0,0,none,30017,176816,7387,13,8192,2.8887206669999999,5395685172,1725581477
2026-08-25T20:01:58.796Z,unavailable,Release,N1-fixed,N1,,"N1:ntuple-td-learned:experiments/weights/n8_global_1M.at200000.bin:tuples=6+6+6+6+6,active=41,global,weights=83886336,hash=87a28c1c8afe36da",3,"depth counts player layers; depth 1 = player move, spawn, evaluator",custom,0,0,none,30018,223564,8242,14,16384,3.1168368750000002,5395685172,1725581477
2026-08-25T20:01:58.796Z,unavailable,Release,N1-fixed,N1,,"N1:ntuple-td-learned:experiments/weights/n8_global_1M.at200000.bin:tuples=6+6+6+6+6,active=41,global,weights=83886336,hash=87a28c1c8afe36da",3,"depth counts player layers; depth 1 = player move, spawn, evaluator",custom,0,0,none,30019,157184,6516,13,8192,2.587423458,5395685172,1725581477
2026-08-25T20:01:58.796Z,unavailable,Release,N1-fixed,N1,,"N1:ntuple-td-learned:experiments/weights/n8_global_1M.at200000.bin:tuples=6+6+6+6+6,active=41,global,weights=83886336,hash=87a28c1c8afe36da",3,"depth counts player layers; depth 1 = player move, spawn, evaluator",custom,0,0,none,30020,212456,7667,14,16384,2.9614478329999998,5395685172,1725581477
2026-08-25T20:01:58.796Z,unavailable,Release,N1-fixed,N1,,"N1:ntuple-td-learned:experiments/weights/n8_global_1M.at200000.bin:tuples=6+6+6+6+6,active=41,global,weights=83886336,hash=87a28c1c8afe36da",3,"depth counts player layers; depth 1 = player move, spawn, evaluator",custom,0,0,none,30021,217344,7953,14,16384,3.1126895000000001,5395685172,1725581477
2026-08-25T20:01:58.796Z,unavailable,Release,N1-fixed,N1,,"N1:ntuple-td-learned:experiments/weights/n8_global_1M.at200000.bin:tuples=6+6+6+6+6,active=41,global,weights=83886336,hash=87a28c1c8afe36da",3,"depth counts player layers; depth 1 = player move, spawn, evaluator",custom,0,0,none,30022,216192,7869,14,16384,3.1780862079999999,5395685172,1725581477
2026-08-25T20:01:58.796Z,unavailable,Release,N1-fixed,N1,,"N1:ntuple-td-learned:experiments/weights/n8_global_1M.at200000.bin:tuples=6+6+6+6+6,active=41,global,weights=83886336,hash=87a28c1c8afe36da",3,"depth counts player layers; depth 1 = player move, spawn, evaluator",custom,0,0,none,30023,216484,7877,14,16384,3.1015394170000001,5395685172,1725581477
2026-08-25T20:01:58.796Z,unavailable,Release,N1-fixed,N1,,"N1:ntuple-td-learned:experiments/weights/n8_global_1M.at200000.bin:tuples=6+6+6+6+6,active=41,global,weights=83886336,hash=87a28c1c8afe36da",3,"depth counts player layers; depth 1 = player move, spawn, evaluator",custom,0,0,none,30024,216900,7917,14,16384,3.19457075,5395685172,1725581477
2026-08-25T20:01:58.796Z,unavailable,Release,N1-fixed,N1,,"N1:ntuple-td-learned:experiments/weights/n8_global_1M.at200000.bin:tuples=6+6+6+6+6,active=41,global,weights=83886336,hash=87a28c1c8afe36da",3,"depth counts player layers; depth 1 = player move, spawn, evaluator",custom,0,0,none,30025,215260,7785,14,16384,3.0355764170000001,5395685172,1725581477
2026-08-25T20:01:58.796Z,unavailable,Release,N1-fixed,N1,,"N1:ntuple-td-learned:experiments/weights/n8_global_1M.at200000.bin:tuples=6+6+6+6+6,active=41,global,weights=83886336,hash=87a28c1c8afe36da",3,"depth counts player layers; depth 1 = player move, spawn, evaluator",custom,0,0,none,30026,176504,7388,13,8192,2.8883100000000002,5395685172,1725581477
2026-08-25T20:01:58.796Z,unavailable,Release,N1-fixed,N1,,"N1:ntuple-td-learned:experiments/weights/n8_global_1M.at200000.bin:tuples=6+6+6+6+6,active=41,global,weights=83886336,hash=87a28c1c8afe36da",3,"depth counts player layers; depth 1 = player move, spawn, evaluator",custom,0,0,none,30027,215356,7802,14,16384,2.942694125,5395685172,1725581477
2026-08-25T20:01:58.796Z,unavailable,Release,N1-fixed,N1,,"N1:ntuple-td-learned:experiments/weights/n8_global_1M.at200000.bin:tuples=6+6+6+6+6,active=41,global,weights=83886336,hash=87a28c1c8afe36da",3,"depth counts player layers; depth 1 = player move, spawn, evaluator",custom,0,0,none,30028,157020,6486,13,8192,2.5399376249999999,5395685172,1725581477
2026-08-25T20:01:58.796Z,unavailable,Release,N1-fixed,N1,,"N1:ntuple-td-learned:experiments/weights/n8_global_1M.at200000.bin:tuples=6+6+6+6+6,active=41,global,weights=83886336,hash=87a28c1c8afe36da",3,"depth counts player layers; depth 1 = player move, spawn, evaluator",custom,0,0,none,30029,213028,7685,14,16384,3.0270496250000001,5395685172,1725581477
2026-08-25T20:01:58.796Z,unavailable,Release,N1-fixed,N1,,"N1:ntuple-td-learned:experiments/weights/n8_global_1M.at200000.bin:tuples=6+6+6+6+6,active=41,global,weights=83886336,hash=87a28c1c8afe36da",3,"depth counts player layers; depth 1 = player move, spawn, evaluator",custom,0,0,none,30030,215452,7826,14,16384,3.1024369159999998,5395685172,1725581477
2026-08-25T20:01:58.796Z,unavailable,Release,N1-fixed,N1,,"N1:ntuple-td-learned:experiments/weights/n8_global_1M.at200000.bin:tuples=6+6+6+6+6,active=41,global,weights=83886336,hash=87a28c1c8afe36da",3,"depth counts player layers; depth 1 = player move, spawn, evaluator",custom,0,0,none,30031,213112,7695,14,16384,3.0402307909999999,5395685172,1725581477
2026-08-25T20:01:58.796Z,unavailable,Release,N1-fixed,N1,,"N1:ntuple-td-learned:experiments/weights/n8_global_1M.at200000.bin:tuples=6+6+6+6+6,active=41,global,weights=83886336,hash=87a28c1c8afe36da",3,"depth counts player layers; depth 1 = player move, spawn, evaluator",custom,0,0,none,30032,217144,7930,14,16384,3.1354462500000002,5395685172,1725581477
2026-08-25T20:01:58.796Z,unavailable,Release,N1-fixed,N1,,"N1:ntuple-td-learned:experiments/weights/n8_global_1M.at200000.bin:tuples=6+6+6+6+6,active=41,global,weights=83886336,hash=87a28c1c8afe36da",3,"depth counts player layers; depth 1 = player move, spawn, evaluator",custom,0,0,none,30033,215644,7874,14,16384,3.144915042,5395685172,1725581477
2026-08-25T20:01:58.796Z,unavailable,Release,N1-fixed,N1,,"N1:ntuple-td-learned:experiments/weights/n8_global_1M.at200000.bin:tuples=6+6+6+6+6,active=41,global,weights=83886336,hash=87a28c1c8afe36da",3,"depth counts player layers; depth 1 = player move, spawn, evaluator",custom,0,0,none,30034,231576,8548,14,16384,3.3629891669999998,5395685172,1725581477
2026-08-25T20:01:58.796Z,unavailable,Release,N1-fixed,N1,,"N1:ntuple-td-learned:experiments/weights/n8_global_1M.at200000.bin:tuples=6+6+6+6+6,active=41,global,weights=83886336,hash=87a28c1c8afe36da",3,"depth counts player layers; depth 1 = player move, spawn, evaluator",custom,0,0,none,30035,173384,7254,13,8192,2.8575145420000001,5395685172,1725581477
2026-08-25T20:01:58.796Z,unavailable,Release,N1-fixed,N1,,"N1:ntuple-td-learned:experiments/weights/n8_global_1M.at200000.bin:tuples=6+6+6+6+6,active=41,global,weights=83886336,hash=87a28c1c8afe36da",3,"depth counts player layers; depth 1 = player move, spawn, evaluator",custom,0,0,none,30036,213084,7682,14,16384,3.0253571670000001,5395685172,1725581477
2026-08-25T20:01:58.796Z,unavailable,Release,N1-fixed,N1,,"N1:ntuple-td-learned:experiments/weights/n8_global_1M.at200000.bin:tuples=6+6+6+6+6,active=41,global,weights=83886336,hash=87a28c1c8afe36da",3,"depth counts player layers; depth 1 = player move, spawn, evaluator",custom,0,0,none,30037,213244,7726,14,16384,3.0174409999999998,5395685172,1725581477
2026-08-25T20:01:58.796Z,unavailable,Release,N1-fixed,N1,,"N1:ntuple-td-learned:experiments/weights/n8_global_1M.at200000.bin:tuples=6+6+6+6+6,active=41,global,weights=83886336,hash=87a28c1c8afe36da",3,"depth counts player layers; depth 1 = player move, spawn, evaluator",custom,0,0,none,30038,220460,8049,14,16384,3.1774853329999999,5395685172,1725581477
2026-08-25T20:01:58.796Z,unavailable,Release,N1-fixed,N1,,"N1:ntuple-td-learned:experiments/weights/n8_global_1M.at200000.bin:tuples=6+6+6+6+6,active=41,global,weights=83886336,hash=87a28c1c8afe36da",3,"depth counts player layers; depth 1 = player move, spawn, evaluator",custom,0,0,none,30039,215364,7804,14,16384,3.084307833,5395685172,1725581477
2026-08-25T20:01:58.796Z,unavailable,Release,N1-fixed,N1,,"N1:ntuple-td-learned:experiments/weights/n8_global_1M.at200000.bin:tuples=6+6+6+6+6,active=41,global,weights=83886336,hash=87a28c1c8afe36da",3,"depth counts player layers; depth 1 = player move, spawn, evaluator",custom,0,0,none,30040,216932,7920,14,16384,3.0479046670000001,5395685172,1725581477
2026-08-25T20:01:58.796Z,unavailable,Release,N1-fixed,N1,,"N1:ntuple-td-learned:experiments/weights/n8_global_1M.at200000.bin:tuples=6+6+6+6+6,active=41,global,weights=83886336,hash=87a28c1c8afe36da",3,"depth counts player layers; depth 1 = player move, spawn, evaluator",custom,0,0,none,30041,215488,7835,14,16384,3.1125193329999998,5395685172,1725581477
2026-08-25T20:01:58.796Z,unavailable,Release,N1-fixed,N1,,"N1:ntuple-td-learned:experiments/weights/n8_global_1M.at200000.bin:tuples=6+6+6+6+6,active=41,global,weights=83886336,hash=87a28c1c8afe36da",3,"depth counts player layers; depth 1 = player move, spawn, evaluator",custom,0,0,none,30042,176992,7432,13,8192,2.9768611250000001,5395685172,1725581477
2026-08-25T20:01:58.796Z,unavailable,Release,N1-fixed,N1,,"N1:ntuple-td-learned:experiments/weights/n8_global_1M.at200000.bin:tuples=6+6+6+6+6,active=41,global,weights=83886336,hash=87a28c1c8afe36da",3,"depth counts player layers; depth 1 = player move, spawn, evaluator",custom,0,0,none,30043,213352,7749,14,16384,3.0769950000000001,5395685172,1725581477
2026-08-25T20:01:58.796Z,unavailable,Release,N1-fixed,N1,,"N1:ntuple-td-learned:experiments/weights/n8_global_1M.at200000.bin:tuples=6+6+6+6+6,active=41,global,weights=83886336,hash=87a28c1c8afe36da",3,"depth counts player layers; depth 1 = player move, spawn, evaluator",custom,0,0,none,30044,173444,7260,13,8192,2.8128955410000001,5395685172,1725581477
2026-08-25T20:01:58.796Z,unavailable,Release,N1-fixed,N1,,"N1:ntuple-td-learned:experiments/weights/n8_global_1M.at200000.bin:tuples=6+6+6+6+6,active=41,global,weights=83886336,hash=87a28c1c8afe36da",3,"depth counts player layers; depth 1 = player move, spawn, evaluator",custom,0,0,none,30045,217068,7900,14,16384,3.1121116670000002,5395685172,1725581477
2026-08-25T20:01:58.796Z,unavailable,Release,N1-fixed,N1,,"N1:ntuple-td-learned:experiments/weights/n8_global_1M.at200000.bin:tuples=6+6+6+6+6,active=41,global,weights=83886336,hash=87a28c1c8afe36da",3,"depth counts player layers; depth 1 = player move, spawn, evaluator",custom,0,0,none,30046,213100,7692,14,16384,3.0260427920000001,5395685172,1725581477
2026-08-25T20:01:58.796Z,unavailable,Release,N1-fixed,N1,,"N1:ntuple-td-learned:experiments/weights/n8_global_1M.at200000.bin:tuples=6+6+6+6+6,active=41,global,weights=83886336,hash=87a28c1c8afe36da",3,"depth counts player layers; depth 1 = player move, spawn, evaluator",custom,0,0,none,30047,157424,6512,13,8192,2.604398958,5395685172,1725581477
2026-08-25T20:01:58.796Z,unavailable,Release,N1-fixed,N1,,"N1:ntuple-td-learned:experiments/weights/n8_global_1M.at200000.bin:tuples=6+6+6+6+6,active=41,global,weights=83886336,hash=87a28c1c8afe36da",3,"depth counts player layers; depth 1 = player move, spawn, evaluator",custom,0,0,none,30048,176724,7427,13,8192,2.860123416,5395685172,1725581477
2026-08-25T20:01:58.796Z,unavailable,Release,N1-fixed,N1,,"N1:ntuple-td-learned:experiments/weights/n8_global_1M.at200000.bin:tuples=6+6+6+6+6,active=41,global,weights=83886336,hash=87a28c1c8afe36da",3,"depth counts player layers; depth 1 = player move, spawn, evaluator",custom,0,0,none,30049,213204,7713,14,16384,3.0938251669999999,5395685172,1725581477
2026-08-25T20:01:58.796Z,unavailable,Release,N1-fixed,N1,,"N1:ntuple-td-learned:experiments/weights/n8_global_1M.at200000.bin:tuples=6+6+6+6+6,active=41,global,weights=83886336,hash=87a28c1c8afe36da",3,"depth counts player layers; depth 1 = player move, spawn, evaluator",custom,0,0,none,30050,174836,7275,13,8192,2.8170022920000002,5395685172,1725581477
2026-08-25T20:01:58.796Z,unavailable,Release,N1-fixed,N1,,"N1:ntuple-td-learned:experiments/weights/n8_global_1M.at200000.bin:tuples=6+6+6+6+6,active=41,global,weights=83886336,hash=87a28c1c8afe36da",3,"depth counts player layers; depth 1 = player move, spawn, evaluator",custom,0,0,none,30051,146408,5941,13,8192,2.4230588329999998,5395685172,1725581477
2026-08-25T20:01:58.796Z,unavailable,Release,N1-fixed,N1,,"N1:ntuple-td-learned:experiments/weights/n8_global_1M.at200000.bin:tuples=6+6+6+6+6,active=41,global,weights=83886336,hash=87a28c1c8afe36da",3,"depth counts player layers; depth 1 = player move, spawn, evaluator",custom,0,0,none,30052,216264,7856,14,16384,3.1805958749999999,5395685172,1725581477
2026-08-25T20:01:58.796Z,unavailable,Release,N1-fixed,N1,,"N1:ntuple-td-learned:experiments/weights/n8_global_1M.at200000.bin:tuples=6+6+6+6+6,active=41,global,weights=83886336,hash=87a28c1c8afe36da",3,"depth counts player layers; depth 1 = player move, spawn, evaluator",custom,0,0,none,30053,213140,7700,14,16384,3.060989916,5395685172,1725581477
2026-08-25T20:01:58.796Z,unavailable,Release,N1-fixed,N1,,"N1:ntuple-td-learned:experiments/weights/n8_global_1M.at200000.bin:tuples=6+6+6+6+6,active=41,global,weights=83886336,hash=87a28c1c8afe36da",3,"depth counts player layers; depth 1 = player move, spawn, evaluator",custom,0,0,none,30054,215400,7809,14,16384,3.130548084,5395685172,1725581477
2026-08-25T20:01:58.796Z,unavailable,Release,N1-fixed,N1,,"N1:ntuple-td-learned:experiments/weights/n8_global_1M.at200000.bin:tuples=6+6+6+6+6,active=41,global,weights=83886336,hash=87a28c1c8afe36da",3,"depth counts player layers; depth 1 = player move, spawn, evaluator",custom,0,0,none,30055,213156,7704,14,16384,3.0427421670000001,5395685172,1725581477
2026-08-25T20:01:58.796Z,unavailable,Release,N1-fixed,N1,,"N1:ntuple-td-learned:experiments/weights/n8_global_1M.at200000.bin:tuples=6+6+6+6+6,active=41,global,weights=83886336,hash=87a28c1c8afe36da",3,"depth counts player layers; depth 1 = player move, spawn, evaluator",custom,0,0,none,30056,216972,7934,14,16384,3.1508415420000002,5395685172,1725581477
2026-08-25T20:01:58.796Z,unavailable,Release,N1-fixed,N1,,"N1:ntuple-td-learned:experiments/weights/n8_global_1M.at200000.bin:tuples=6+6+6+6+6,active=41,global,weights=83886336,hash=87a28c1c8afe36da",3,"depth counts player layers; depth 1 = player move, spawn, evaluator",custom,0,0,none,30057,213124,7692,14,16384,3.0537912500000002,5395685172,1725581477
2026-08-25T20:01:58.796Z,unavailable,Release,N1-fixed,N1,,"N1:ntuple-td-learned:experiments/weights/n8_global_1M.at200000.bin:tuples=6+6+6+6+6,active=41,global,weights=83886336,hash=87a28c1c8afe36da",3,"depth counts player layers; depth 1 = player move, spawn, evaluator",custom,0,0,none,30058,220532,8068,14,16384,3.1497922909999998,5395685172,1725581477
2026-08-25T20:01:58.796Z,unavailable,Release,N1-fixed,N1,,"N1:ntuple-td-learned:experiments/weights/n8_global_1M.at200000.bin:tuples=6+6+6+6+6,active=41,global,weights=83886336,hash=87a28c1c8afe36da",3,"depth counts player layers; depth 1 = player move, spawn, evaluator",custom,0,0,none,30059,123376,5100,13,8192,2.1209403340000001,5395685172,1725581477
2026-08-25T20:01:58.796Z,unavailable,Release,N1-fixed,N1,,"N1:ntuple-td-learned:experiments/weights/n8_global_1M.at200000.bin:tuples=6+6+6+6+6,active=41,global,weights=83886336,hash=87a28c1c8afe36da",3,"depth counts player layers; depth 1 = player move, spawn, evaluator",custom,0,0,none,30060,216136,7822,14,16384,3.0510872080000002,5395685172,1725581477
2026-08-25T20:01:58.796Z,unavailable,Release,N1-fixed,N1,,"N1:ntuple-td-learned:experiments/weights/n8_global_1M.at200000.bin:tuples=6+6+6+6+6,active=41,global,weights=83886336,hash=87a28c1c8afe36da",3,"depth counts player layers; depth 1 = player move, spawn, evaluator",custom,0,0,none,30061,175616,7349,13,8192,2.9129229159999999,5395685172,1725581477
2026-08-25T20:01:58.796Z,unavailable,Release,N1-fixed,N1,,"N1:ntuple-td-learned:experiments/weights/n8_global_1M.at200000.bin:tuples=6+6+6+6+6,active=41,global,weights=83886336,hash=87a28c1c8afe36da",3,"depth counts player layers; depth 1 = player move, spawn, evaluator",custom,0,0,none,30062,217100,7919,14,16384,3.1512547500000001,5395685172,1725581477
2026-08-25T20:01:58.796Z,unavailable,Release,N1-fixed,N1,,"N1:ntuple-td-learned:experiments/weights/n8_global_1M.at200000.bin:tuples=6+6+6+6+6,active=41,global,weights=83886336,hash=87a28c1c8afe36da",3,"depth counts player layers; depth 1 = player move, spawn, evaluator",custom,0,0,none,30063,176568,7406,13,8192,2.947300458,5395685172,1725581477
2026-08-25T20:01:58.796Z,unavailable,Release,N1-fixed,N1,,"N1:ntuple-td-learned:experiments/weights/n8_global_1M.at200000.bin:tuples=6+6+6+6+6,active=41,global,weights=83886336,hash=87a28c1c8afe36da",3,"depth counts player layers; depth 1 = player move, spawn, evaluator",custom,0,0,none,30064,213096,7685,14,16384,3.0414081249999998,5395685172,1725581477
2026-08-25T20:01:58.796Z,unavailable,Release,N1-fixed,N1,,"N1:ntuple-td-learned:experiments/weights/n8_global_1M.at200000.bin:tuples=6+6+6+6+6,active=41,global,weights=83886336,hash=87a28c1c8afe36da",3,"depth counts player layers; depth 1 = player move, spawn, evaluator",custom,0,0,none,30065,30564,1540,11,2048,0.68647529200000001,5395685172,1725581477
2026-08-25T20:01:58.796Z,unavailable,Release,N1-fixed,N1,,"N1:ntuple-td-learned:experiments/weights/n8_global_1M.at200000.bin:tuples=6+6+6+6+6,active=41,global,weights=83886336,hash=87a28c1c8afe36da",3,"depth counts player layers; depth 1 = player move, spawn, evaluator",custom,0,0,none,30066,176348,7377,13,8192,2.8816827919999999,5395685172,1725581477
2026-08-25T20:01:58.796Z,unavailable,Release,N1-fixed,N1,,"N1:ntuple-td-learned:experiments/weights/n8_global_1M.at200000.bin:tuples=6+6+6+6+6,active=41,global,weights=83886336,hash=87a28c1c8afe36da",3,"depth counts player layers; depth 1 = player move, spawn, evaluator",custom,0,0,none,30067,132616,5553,13,8192,2.2691023750000001,5395685172,1725581477
2026-08-25T20:01:58.796Z,unavailable,Release,N1-fixed,N1,,"N1:ntuple-td-learned:experiments/weights/n8_global_1M.at200000.bin:tuples=6+6+6+6+6,active=41,global,weights=83886336,hash=87a28c1c8afe36da",3,"depth counts player layers; depth 1 = player move, spawn, evaluator",custom,0,0,none,30068,216540,7900,14,16384,3.1200226249999998,5395685172,1725581477
2026-08-25T20:01:58.796Z,unavailable,Release,N1-fixed,N1,,"N1:ntuple-td-learned:experiments/weights/n8_global_1M.at200000.bin:tuples=6+6+6+6+6,active=41,global,weights=83886336,hash=87a28c1c8afe36da",3,"depth counts player layers; depth 1 = player move, spawn, evaluator",custom,0,0,none,30069,215492,7836,14,16384,3.099739166,5395685172,1725581477
2026-08-25T20:01:58.796Z,unavailable,Release,N1-fixed,N1,,"N1:ntuple-td-learned:experiments/weights/n8_global_1M.at200000.bin:tuples=6+6+6+6+6,active=41,global,weights=83886336,hash=87a28c1c8afe36da",3,"depth counts player layers; depth 1 = player move, spawn, evaluator",custom,0,0,none,30070,213308,7749,14,16384,3.0570228340000001,5395685172,1725581477
2026-08-25T20:01:58.796Z,unavailable,Release,N1-fixed,N1,,"N1:ntuple-td-learned:experiments/weights/n8_global_1M.at200000.bin:tuples=6+6+6+6+6,active=41,global,weights=83886336,hash=87a28c1c8afe36da",3,"depth counts player layers; depth 1 = player move, spawn, evaluator",custom,0,0,none,30071,219672,7998,14,16384,3.0851937500000002,5395685172,1725581477
2026-08-25T20:01:58.796Z,unavailable,Release,N1-fixed,N1,,"N1:ntuple-td-learned:experiments/weights/n8_global_1M.at200000.bin:tuples=6+6+6+6+6,active=41,global,weights=83886336,hash=87a28c1c8afe36da",3,"depth counts player layers; depth 1 = player move, spawn, evaluator",custom,0,0,none,30072,115836,5146,12,4096,1.9845308749999999,5395685172,1725581477
2026-08-25T20:01:58.796Z,unavailable,Release,N1-fixed,N1,,"N1:ntuple-td-learned:experiments/weights/n8_global_1M.at200000.bin:tuples=6+6+6+6+6,active=41,global,weights=83886336,hash=87a28c1c8afe36da",3,"depth counts player layers; depth 1 = player move, spawn, evaluator",custom,0,0,none,30073,215504,7839,14,16384,3.2271784999999999,5395685172,1725581477
2026-08-25T20:01:58.796Z,unavailable,Release,N1-fixed,N1,,"N1:ntuple-td-learned:experiments/weights/n8_global_1M.at200000.bin:tuples=6+6+6+6+6,active=41,global,weights=83886336,hash=87a28c1c8afe36da",3,"depth counts player layers; depth 1 = player move, spawn, evaluator",custom,0,0,none,30074,215392,7811,14,16384,3.161774334,5395685172,1725581477
2026-08-25T20:01:58.796Z,unavailable,Release,N1-fixed,N1,,"N1:ntuple-td-learned:experiments/weights/n8_global_1M.at200000.bin:tuples=6+6+6+6+6,active=41,global,weights=83886336,hash=87a28c1c8afe36da",3,"depth counts player layers; depth 1 = player move, spawn, evaluator",custom,0,0,none,30075,220512,8066,14,16384,3.1282948749999999,5395685172,1725581477
2026-08-25T20:01:58.796Z,unavailable,Release,N1-fixed,N1,,"N1:ntuple-td-learned:experiments/weights/n8_global_1M.at200000.bin:tuples=6+6+6+6+6,active=41,global,weights=83886336,hash=87a28c1c8afe36da",3,"depth counts player layers; depth 1 = player move, spawn, evaluator",custom,0,0,none,30076,172620,7195,13,8192,2.7684074170000001,5395685172,1725581477
2026-08-25T20:01:58.796Z,unavailable,Release,N1-fixed,N1,,"N1:ntuple-td-learned:experiments/weights/n8_global_1M.at200000.bin:tuples=6+6+6+6+6,active=41,global,weights=83886336,hash=87a28c1c8afe36da",3,"depth counts player layers; depth 1 = player move, spawn, evaluator",custom,0,0,none,30077,213272,7739,14,16384,3.0273196659999999,5395685172,1725581477
2026-08-25T20:01:58.796Z,unavailable,Release,N1-fixed,N1,,"N1:ntuple-td-learned:experiments/weights/n8_global_1M.at200000.bin:tuples=6+6+6+6+6,active=41,global,weights=83886336,hash=87a28c1c8afe36da",3,"depth counts player layers; depth 1 = player move, spawn, evaluator",custom,0,0,none,30078,177228,7469,13,8192,3.202212625,5395685172,1725581477
2026-08-25T20:01:58.796Z,unavailable,Release,N1-fixed,N1,,"N1:ntuple-td-learned:experiments/weights/n8_global_1M.at200000.bin:tuples=6+6+6+6+6,active=41,global,weights=83886336,hash=87a28c1c8afe36da",3,"depth counts player layers; depth 1 = player move, spawn, evaluator",custom,0,0,none,30079,217288,7967,14,16384,3.1798887090000001,5395685172,1725581477
2026-08-25T20:01:58.796Z,unavailable,Release,N1-fixed,N1,,"N1:ntuple-td-learned:experiments/weights/n8_global_1M.at200000.bin:tuples=6+6+6+6+6,active=41,global,weights=83886336,hash=87a28c1c8afe36da",3,"depth counts player layers; depth 1 = player move, spawn, evaluator",custom,0,0,none,30080,217060,7910,14,16384,3.34624575,5395685172,1725581477
2026-08-25T20:01:58.796Z,unavailable,Release,N1-fixed,N1,,"N1:ntuple-td-learned:experiments/weights/n8_global_1M.at200000.bin:tuples=6+6+6+6+6,active=41,global,weights=83886336,hash=87a28c1c8afe36da",3,"depth counts player layers; depth 1 = player move, spawn, evaluator",custom,0,0,none,30081,166596,6895,13,8192,3.2577246670000002,5395685172,1725581477
2026-08-25T20:01:58.796Z,unavailable,Release,N1-fixed,N1,,"N1:ntuple-td-learned:experiments/weights/n8_global_1M.at200000.bin:tuples=6+6+6+6+6,active=41,global,weights=83886336,hash=87a28c1c8afe36da",3,"depth counts player layers; depth 1 = player move, spawn, evaluator",custom,0,0,none,30082,220576,8085,14,16384,3.9766645,5395685172,1725581477
2026-08-25T20:01:58.796Z,unavailable,Release,N1-fixed,N1,,"N1:ntuple-td-learned:experiments/weights/n8_global_1M.at200000.bin:tuples=6+6+6+6+6,active=41,global,weights=83886336,hash=87a28c1c8afe36da",3,"depth counts player layers; depth 1 = player move, spawn, evaluator",custom,0,0,none,30083,213080,7685,14,16384,3.3210322909999999,5395685172,1725581477
2026-08-25T20:01:58.796Z,unavailable,Release,N1-fixed,N1,,"N1:ntuple-td-learned:experiments/weights/n8_global_1M.at200000.bin:tuples=6+6+6+6+6,active=41,global,weights=83886336,hash=87a28c1c8afe36da",3,"depth counts player layers; depth 1 = player move, spawn, evaluator",custom,0,0,none,30084,210484,7546,14,16384,2.9556995420000001,5395685172,1725581477
2026-08-25T20:01:58.796Z,unavailable,Release,N1-fixed,N1,,"N1:ntuple-td-learned:experiments/weights/n8_global_1M.at200000.bin:tuples=6+6+6+6+6,active=41,global,weights=83886336,hash=87a28c1c8afe36da",3,"depth counts player layers; depth 1 = player move, spawn, evaluator",custom,0,0,none,30085,224328,8269,14,16384,3.2021678329999999,5395685172,1725581477
2026-08-25T20:01:58.796Z,unavailable,Release,N1-fixed,N1,,"N1:ntuple-td-learned:experiments/weights/n8_global_1M.at200000.bin:tuples=6+6+6+6+6,active=41,global,weights=83886336,hash=87a28c1c8afe36da",3,"depth counts player layers; depth 1 = player move, spawn, evaluator",custom,0,0,none,30086,211412,7608,14,16384,3.0181042499999999,5395685172,1725581477
2026-08-25T20:01:58.796Z,unavailable,Release,N1-fixed,N1,,"N1:ntuple-td-learned:experiments/weights/n8_global_1M.at200000.bin:tuples=6+6+6+6+6,active=41,global,weights=83886336,hash=87a28c1c8afe36da",3,"depth counts player layers; depth 1 = player move, spawn, evaluator",custom,0,0,none,30087,222120,8153,14,16384,3.214628083,5395685172,1725581477
2026-08-25T20:01:58.796Z,unavailable,Release,N1-fixed,N1,,"N1:ntuple-td-learned:experiments/weights/n8_global_1M.at200000.bin:tuples=6+6+6+6+6,active=41,global,weights=83886336,hash=87a28c1c8afe36da",3,"depth counts player layers; depth 1 = player move, spawn, evaluator",custom,0,0,none,30088,172080,7151,13,8192,2.7908152080000002,5395685172,1725581477
2026-08-25T20:01:58.796Z,unavailable,Release,N1-fixed,N1,,"N1:ntuple-td-learned:experiments/weights/n8_global_1M.at200000.bin:tuples=6+6+6+6+6,active=41,global,weights=83886336,hash=87a28c1c8afe36da",3,"depth counts player layers; depth 1 = player move, spawn, evaluator",custom,0,0,none,30089,215468,7830,14,16384,3.0213300420000002,5395685172,1725581477
2026-08-25T20:01:58.796Z,unavailable,Release,N1-fixed,N1,,"N1:ntuple-td-learned:experiments/weights/n8_global_1M.at200000.bin:tuples=6+6+6+6+6,active=41,global,weights=83886336,hash=87a28c1c8afe36da",3,"depth counts player layers; depth 1 = player move, spawn, evaluator",custom,0,0,none,30090,177072,7407,13,8192,2.859027459,5395685172,1725581477
2026-08-25T20:01:58.796Z,unavailable,Release,N1-fixed,N1,,"N1:ntuple-td-learned:experiments/weights/n8_global_1M.at200000.bin:tuples=6+6+6+6+6,active=41,global,weights=83886336,hash=87a28c1c8afe36da",3,"depth counts player layers; depth 1 = player move, spawn, evaluator",custom,0,0,none,30091,156580,6492,13,8192,2.346496208,5395685172,1725581477
2026-08-25T20:01:58.796Z,unavailable,Release,N1-fixed,N1,,"N1:ntuple-td-learned:experiments/weights/n8_global_1M.at200000.bin:tuples=6+6+6+6+6,active=41,global,weights=83886336,hash=87a28c1c8afe36da",3,"depth counts player layers; depth 1 = player move, spawn, evaluator",custom,0,0,none,30092,216560,7896,14,16384,2.9590857910000001,5395685172,1725581477
2026-08-25T20:01:58.796Z,unavailable,Release,N1-fixed,N1,,"N1:ntuple-td-learned:experiments/weights/n8_global_1M.at200000.bin:tuples=6+6+6+6+6,active=41,global,weights=83886336,hash=87a28c1c8afe36da",3,"depth counts player layers; depth 1 = player move, spawn, evaluator",custom,0,0,none,30093,213112,7699,14,16384,3.0737099589999999,5395685172,1725581477
2026-08-25T20:01:58.796Z,unavailable,Release,N1-fixed,N1,,"N1:ntuple-td-learned:experiments/weights/n8_global_1M.at200000.bin:tuples=6+6+6+6+6,active=41,global,weights=83886336,hash=87a28c1c8afe36da",3,"depth counts player layers; depth 1 = player move, spawn, evaluator",custom,0,0,none,30094,216516,7888,14,16384,3.0117645,5395685172,1725581477
2026-08-25T20:01:58.796Z,unavailable,Release,N1-fixed,N1,,"N1:ntuple-td-learned:experiments/weights/n8_global_1M.at200000.bin:tuples=6+6+6+6+6,active=41,global,weights=83886336,hash=87a28c1c8afe36da",3,"depth counts player layers; depth 1 = player move, spawn, evaluator",custom,0,0,none,30095,220428,8047,14,16384,3.0623982500000002,5395685172,1725581477
2026-08-25T20:01:58.796Z,unavailable,Release,N1-fixed,N1,,"N1:ntuple-td-learned:experiments/weights/n8_global_1M.at200000.bin:tuples=6+6+6+6+6,active=41,global,weights=83886336,hash=87a28c1c8afe36da",3,"depth counts player layers; depth 1 = player move, spawn, evaluator",custom,0,0,none,30096,220408,8041,14,16384,3.1371231669999999,5395685172,1725581477
2026-08-25T20:01:58.796Z,unavailable,Release,N1-fixed,N1,,"N1:ntuple-td-learned:experiments/weights/n8_global_1M.at200000.bin:tuples=6+6+6+6+6,active=41,global,weights=83886336,hash=87a28c1c8afe36da",3,"depth counts player layers; depth 1 = player move, spawn, evaluator",custom,0,0,none,30097,216852,7905,14,16384,3.0259593329999999,5395685172,1725581477
2026-08-25T20:01:58.796Z,unavailable,Release,N1-fixed,N1,,"N1:ntuple-td-learned:experiments/weights/n8_global_1M.at200000.bin:tuples=6+6+6+6+6,active=41,global,weights=83886336,hash=87a28c1c8afe36da",3,"depth counts player layers; depth 1 = player move, spawn, evaluator",custom,0,0,none,30098,176548,7400,13,8192,2.8186896250000002,5395685172,1725581477
2026-08-25T20:01:58.796Z,unavailable,Release,N1-fixed,N1,,"N1:ntuple-td-learned:experiments/weights/n8_global_1M.at200000.bin:tuples=6+6+6+6+6,active=41,global,weights=83886336,hash=87a28c1c8afe36da",3,"depth counts player layers; depth 1 = player move, spawn, evaluator",custom,0,0,none,30099,177380,7479,13,8192,2.9284371660000001,5395685172,1725581477
2026-08-25T20:01:58.796Z,unavailable,Release,N1-fixed,N1,,"N1:ntuple-td-learned:experiments/weights/n8_global_1M.at200000.bin:tuples=6+6+6+6+6,active=41,global,weights=83886336,hash=87a28c1c8afe36da",3,"depth counts player layers; depth 1 = player move, spawn, evaluator",custom,0,0,none,30100,216384,7886,14,16384,3.1149324169999999,5395685172,1725581477
2026-08-25T20:01:58.796Z,unavailable,Release,N1-fixed,N1,,"N1:ntuple-td-learned:experiments/weights/n8_global_1M.at200000.bin:tuples=6+6+6+6+6,active=41,global,weights=83886336,hash=87a28c1c8afe36da",3,"depth counts player layers; depth 1 = player move, spawn, evaluator",custom,0,0,none,30101,195340,8233,13,8192,3.0702652499999998,5395685172,1725581477
2026-08-25T20:01:58.796Z,unavailable,Release,N1-fixed,N1,,"N1:ntuple-td-learned:experiments/weights/n8_global_1M.at200000.bin:tuples=6+6+6+6+6,active=41,global,weights=83886336,hash=87a28c1c8afe36da",3,"depth counts player layers; depth 1 = player move, spawn, evaluator",custom,0,0,none,30102,215380,7808,14,16384,3.0561584169999998,5395685172,1725581477
2026-08-25T20:01:58.796Z,unavailable,Release,N1-fixed,N1,,"N1:ntuple-td-learned:experiments/weights/n8_global_1M.at200000.bin:tuples=6+6+6+6+6,active=41,global,weights=83886336,hash=87a28c1c8afe36da",3,"depth counts player layers; depth 1 = player move, spawn, evaluator",custom,0,0,none,30103,215548,7850,14,16384,3.124760583,5395685172,1725581477
2026-08-25T20:01:58.796Z,unavailable,Release,N1-fixed,N1,,"N1:ntuple-td-learned:experiments/weights/n8_global_1M.at200000.bin:tuples=6+6+6+6+6,active=41,global,weights=83886336,hash=87a28c1c8afe36da",3,"depth counts player layers; depth 1 = player move, spawn, evaluator",custom,0,0,none,30104,221496,8105,14,16384,3.734223042,5395685172,1725581477
2026-08-25T20:01:58.796Z,unavailable,Release,N1-fixed,N1,,"N1:ntuple-td-learned:experiments/weights/n8_global_1M.at200000.bin:tuples=6+6+6+6+6,active=41,global,weights=83886336,hash=87a28c1c8afe36da",3,"depth counts player layers; depth 1 = player move, spawn, evaluator",custom,0,0,none,30105,213160,7707,14,16384,3.4010649580000001,5395685172,1725581477
2026-08-25T20:01:58.796Z,unavailable,Release,N1-fixed,N1,,"N1:ntuple-td-learned:experiments/weights/n8_global_1M.at200000.bin:tuples=6+6+6+6+6,active=41,global,weights=83886336,hash=87a28c1c8afe36da",3,"depth counts player layers; depth 1 = player move, spawn, evaluator",custom,0,0,none,30106,213216,7715,14,16384,3.0750708329999998,5395685172,1725581477
2026-08-25T20:01:58.796Z,unavailable,Release,N1-fixed,N1,,"N1:ntuple-td-learned:experiments/weights/n8_global_1M.at200000.bin:tuples=6+6+6+6+6,active=41,global,weights=83886336,hash=87a28c1c8afe36da",3,"depth counts player layers; depth 1 = player move, spawn, evaluator",custom,0,0,none,30107,213068,7699,14,16384,60.505603915999998,5395685172,1725581477
2026-08-25T20:01:58.796Z,unavailable,Release,N1-fixed,N1,,"N1:ntuple-td-learned:experiments/weights/n8_global_1M.at200000.bin:tuples=6+6+6+6+6,active=41,global,weights=83886336,hash=87a28c1c8afe36da",3,"depth counts player layers; depth 1 = player move, spawn, evaluator",custom,0,0,none,30108,215520,7843,14,16384,3.133178917,5395685172,1725581477
2026-08-25T20:01:58.796Z,unavailable,Release,N1-fixed,N1,,"N1:ntuple-td-learned:experiments/weights/n8_global_1M.at200000.bin:tuples=6+6+6+6+6,active=41,global,weights=83886336,hash=87a28c1c8afe36da",3,"depth counts player layers; depth 1 = player move, spawn, evaluator",custom,0,0,none,30109,176848,7394,13,8192,2.9001879169999998,5395685172,1725581477
2026-08-25T20:01:58.796Z,unavailable,Release,N1-fixed,N1,,"N1:ntuple-td-learned:experiments/weights/n8_global_1M.at200000.bin:tuples=6+6+6+6+6,active=41,global,weights=83886336,hash=87a28c1c8afe36da",3,"depth counts player layers; depth 1 = player move, spawn, evaluator",custom,0,0,none,30110,175080,7273,13,8192,2.8080835,5395685172,1725581477
2026-08-25T20:01:58.796Z,unavailable,Release,N1-fixed,N1,,"N1:ntuple-td-learned:experiments/weights/n8_global_1M.at200000.bin:tuples=6+6+6+6+6,active=41,global,weights=83886336,hash=87a28c1c8afe36da",3,"depth counts player layers; depth 1 = player move, spawn, evaluator",custom,0,0,none,30111,224456,8302,14,16384,3.0623562500000001,5395685172,1725581477
2026-08-25T20:01:58.796Z,unavailable,Release,N1-fixed,N1,,"N1:ntuple-td-learned:experiments/weights/n8_global_1M.at200000.bin:tuples=6+6+6+6+6,active=41,global,weights=83886336,hash=87a28c1c8afe36da",3,"depth counts player layers; depth 1 = player move, spawn, evaluator",custom,0,0,none,30112,191620,8031,13,8192,3.05981375,5395685172,1725581477
2026-08-25T20:01:58.796Z,unavailable,Release,N1-fixed,N1,,"N1:ntuple-td-learned:experiments/weights/n8_global_1M.at200000.bin:tuples=6+6+6+6+6,active=41,global,weights=83886336,hash=87a28c1c8afe36da",3,"depth counts player layers; depth 1 = player move, spawn, evaluator",custom,0,0,none,30113,156264,6457,13,8192,3.1591606250000002,5395685172,1725581477
2026-08-25T20:01:58.796Z,unavailable,Release,N1-fixed,N1,,"N1:ntuple-td-learned:experiments/weights/n8_global_1M.at200000.bin:tuples=6+6+6+6+6,active=41,global,weights=83886336,hash=87a28c1c8afe36da",3,"depth counts player layers; depth 1 = player move, spawn, evaluator",custom,0,0,none,30114,171420,7110,13,8192,2.8330354170000001,5395685172,1725581477
2026-08-25T20:01:58.796Z,unavailable,Release,N1-fixed,N1,,"N1:ntuple-td-learned:experiments/weights/n8_global_1M.at200000.bin:tuples=6+6+6+6+6,active=41,global,weights=83886336,hash=87a28c1c8afe36da",3,"depth counts player layers; depth 1 = player move, spawn, evaluator",custom,0,0,none,30115,216956,7932,14,16384,3.0472451669999998,5395685172,1725581477
2026-08-25T20:01:58.796Z,unavailable,Release,N1-fixed,N1,,"N1:ntuple-td-learned:experiments/weights/n8_global_1M.at200000.bin:tuples=6+6+6+6+6,active=41,global,weights=83886336,hash=87a28c1c8afe36da",3,"depth counts player layers; depth 1 = player move, spawn, evaluator",custom,0,0,none,30116,213388,7754,14,16384,3.022598125,5395685172,1725581477
2026-08-25T20:01:58.796Z,unavailable,Release,N1-fixed,N1,,"N1:ntuple-td-learned:experiments/weights/n8_global_1M.at200000.bin:tuples=6+6+6+6+6,active=41,global,weights=83886336,hash=87a28c1c8afe36da",3,"depth counts player layers; depth 1 = player move, spawn, evaluator",custom,0,0,none,30117,171732,7092,13,8192,74.984155583000003,5395685172,1725581477
2026-08-25T20:01:58.796Z,unavailable,Release,N1-fixed,N1,,"N1:ntuple-td-learned:experiments/weights/n8_global_1M.at200000.bin:tuples=6+6+6+6+6,active=41,global,weights=83886336,hash=87a28c1c8afe36da",3,"depth counts player layers; depth 1 = player move, spawn, evaluator",custom,0,0,none,30118,177100,7409,13,8192,2.842708542,5395685172,1725581477
2026-08-25T20:01:58.796Z,unavailable,Release,N1-fixed,N1,,"N1:ntuple-td-learned:experiments/weights/n8_global_1M.at200000.bin:tuples=6+6+6+6+6,active=41,global,weights=83886336,hash=87a28c1c8afe36da",3,"depth counts player layers; depth 1 = player move, spawn, evaluator",custom,0,0,none,30119,176560,7404,13,8192,2.8402686660000001,5395685172,1725581477
2026-08-25T20:01:58.796Z,unavailable,Release,N1-fixed,N1,,"N1:ntuple-td-learned:experiments/weights/n8_global_1M.at200000.bin:tuples=6+6+6+6+6,active=41,global,weights=83886336,hash=87a28c1c8afe36da",3,"depth counts player layers; depth 1 = player move, spawn, evaluator",custom,0,0,none,30120,216476,7890,14,16384,3.0906584580000001,5395685172,1725581477
2026-08-25T20:01:58.796Z,unavailable,Release,N1-fixed,N1,,"N1:ntuple-td-learned:experiments/weights/n8_global_1M.at200000.bin:tuples=6+6+6+6+6,active=41,global,weights=83886336,hash=87a28c1c8afe36da",3,"depth counts player layers; depth 1 = player move, spawn, evaluator",custom,0,0,none,30121,213112,7693,14,16384,3.0725703750000002,5395685172,1725581477
2026-08-25T20:01:58.796Z,unavailable,Release,N1-fixed,N1,,"N1:ntuple-td-learned:experiments/weights/n8_global_1M.at200000.bin:tuples=6+6+6+6+6,active=41,global,weights=83886336,hash=87a28c1c8afe36da",3,"depth counts player layers; depth 1 = player move, spawn, evaluator",custom,0,0,none,30122,224064,8251,14,16384,9.0976883340000008,5395685172,1725581477
2026-08-25T20:01:58.796Z,unavailable,Release,N1-fixed,N1,,"N1:ntuple-td-learned:experiments/weights/n8_global_1M.at200000.bin:tuples=6+6+6+6+6,active=41,global,weights=83886336,hash=87a28c1c8afe36da",3,"depth counts player layers; depth 1 = player move, spawn, evaluator",custom,0,0,none,30123,220608,8091,14,16384,3.43882325,5395685172,1725581477
2026-08-25T20:01:58.796Z,unavailable,Release,N1-fixed,N1,,"N1:ntuple-td-learned:experiments/weights/n8_global_1M.at200000.bin:tuples=6+6+6+6+6,active=41,global,weights=83886336,hash=87a28c1c8afe36da",3,"depth counts player layers; depth 1 = player move, spawn, evaluator",custom,0,0,none,30124,176732,7419,13,8192,2.8529464579999999,5395685172,1725581477
2026-08-25T20:01:58.796Z,unavailable,Release,N1-fixed,N1,,"N1:ntuple-td-learned:experiments/weights/n8_global_1M.at200000.bin:tuples=6+6+6+6+6,active=41,global,weights=83886336,hash=87a28c1c8afe36da",3,"depth counts player layers; depth 1 = player move, spawn, evaluator",custom,0,0,none,30125,215504,7839,14,16384,3.3150130409999998,5395685172,1725581477
2026-08-25T20:01:58.796Z,unavailable,Release,N1-fixed,N1,,"N1:ntuple-td-learned:experiments/weights/n8_global_1M.at200000.bin:tuples=6+6+6+6+6,active=41,global,weights=83886336,hash=87a28c1c8afe36da",3,"depth counts player layers; depth 1 = player move, spawn, evaluator",custom,0,0,none,30126,177316,7459,13,8192,6.0655944159999997,5395685172,1725581477
2026-08-25T20:01:58.796Z,unavailable,Release,N1-fixed,N1,,"N1:ntuple-td-learned:experiments/weights/n8_global_1M.at200000.bin:tuples=6+6+6+6+6,active=41,global,weights=83886336,hash=87a28c1c8afe36da",3,"depth counts player layers; depth 1 = player move, spawn, evaluator",custom,0,0,none,30127,167792,6922,13,8192,6.206040958,5395685172,1725581477
2026-08-25T20:01:58.796Z,unavailable,Release,N1-fixed,N1,,"N1:ntuple-td-learned:experiments/weights/n8_global_1M.at200000.bin:tuples=6+6+6+6+6,active=41,global,weights=83886336,hash=87a28c1c8afe36da",3,"depth counts player layers; depth 1 = player move, spawn, evaluator",custom,0,0,none,30128,169028,7020,13,8192,9.0742678330000004,5395685172,1725581477
2026-08-25T20:01:58.796Z,unavailable,Release,N1-fixed,N1,,"N1:ntuple-td-learned:experiments/weights/n8_global_1M.at200000.bin:tuples=6+6+6+6+6,active=41,global,weights=83886336,hash=87a28c1c8afe36da",3,"depth counts player layers; depth 1 = player move, spawn, evaluator",custom,0,0,none,30129,157084,6499,13,8192,6.9742676670000003,5395685172,1725581477
2026-08-25T20:01:58.796Z,unavailable,Release,N1-fixed,N1,,"N1:ntuple-td-learned:experiments/weights/n8_global_1M.at200000.bin:tuples=6+6+6+6+6,active=41,global,weights=83886336,hash=87a28c1c8afe36da",3,"depth counts player layers; depth 1 = player move, spawn, evaluator",custom,0,0,none,30130,213156,7702,14,16384,8.7762282079999991,5395685172,1725581477
2026-08-25T20:01:58.796Z,unavailable,Release,N1-fixed,N1,,"N1:ntuple-td-learned:experiments/weights/n8_global_1M.at200000.bin:tuples=6+6+6+6+6,active=41,global,weights=83886336,hash=87a28c1c8afe36da",3,"depth counts player layers; depth 1 = player move, spawn, evaluator",custom,0,0,none,30131,76552,3506,12,4096,4.4970710829999998,5395685172,1725581477
2026-08-25T20:01:58.796Z,unavailable,Release,N1-fixed,N1,,"N1:ntuple-td-learned:experiments/weights/n8_global_1M.at200000.bin:tuples=6+6+6+6+6,active=41,global,weights=83886336,hash=87a28c1c8afe36da",3,"depth counts player layers; depth 1 = player move, spawn, evaluator",custom,0,0,none,30132,124336,5532,12,4096,5.150658333,5395685172,1725581477
2026-08-25T20:01:58.796Z,unavailable,Release,N1-fixed,N1,,"N1:ntuple-td-learned:experiments/weights/n8_global_1M.at200000.bin:tuples=6+6+6+6+6,active=41,global,weights=83886336,hash=87a28c1c8afe36da",3,"depth counts player layers; depth 1 = player move, spawn, evaluator",custom,0,0,none,30133,173436,7245,13,8192,2.9502553329999999,5395685172,1725581477
2026-08-25T20:01:58.796Z,unavailable,Release,N1-fixed,N1,,"N1:ntuple-td-learned:experiments/weights/n8_global_1M.at200000.bin:tuples=6+6+6+6+6,active=41,global,weights=83886336,hash=87a28c1c8afe36da",3,"depth counts player layers; depth 1 = player move, spawn, evaluator",custom,0,0,none,30134,80472,3733,12,4096,1.532381709,5395685172,1725581477
2026-08-25T20:01:58.796Z,unavailable,Release,N1-fixed,N1,,"N1:ntuple-td-learned:experiments/weights/n8_global_1M.at200000.bin:tuples=6+6+6+6+6,active=41,global,weights=83886336,hash=87a28c1c8afe36da",3,"depth counts player layers; depth 1 = player move, spawn, evaluator",custom,0,0,none,30135,172220,7214,13,8192,2.8147408330000001,5395685172,1725581477
2026-08-25T20:01:58.796Z,unavailable,Release,N1-fixed,N1,,"N1:ntuple-td-learned:experiments/weights/n8_global_1M.at200000.bin:tuples=6+6+6+6+6,active=41,global,weights=83886336,hash=87a28c1c8afe36da",3,"depth counts player layers; depth 1 = player move, spawn, evaluator",custom,0,0,none,30136,221292,8088,14,16384,3.1365239169999999,5395685172,1725581477
2026-08-25T20:01:58.796Z,unavailable,Release,N1-fixed,N1,,"N1:ntuple-td-learned:experiments/weights/n8_global_1M.at200000.bin:tuples=6+6+6+6+6,active=41,global,weights=83886336,hash=87a28c1c8afe36da",3,"depth counts player layers; depth 1 = player move, spawn, evaluator",custom,0,0,none,30137,220476,8054,14,16384,3.1561176670000002,5395685172,1725581477
2026-08-25T20:01:58.796Z,unavailable,Release,N1-fixed,N1,,"N1:ntuple-td-learned:experiments/weights/n8_global_1M.at200000.bin:tuples=6+6+6+6+6,active=41,global,weights=83886336,hash=87a28c1c8afe36da",3,"depth counts player layers; depth 1 = player move, spawn, evaluator",custom,0,0,none,30138,216404,7861,14,16384,3.0586200840000002,5395685172,1725581477
2026-08-25T20:01:58.796Z,unavailable,Release,N1-fixed,N1,,"N1:ntuple-td-learned:experiments/weights/n8_global_1M.at200000.bin:tuples=6+6+6+6+6,active=41,global,weights=83886336,hash=87a28c1c8afe36da",3,"depth counts player layers; depth 1 = player move, spawn, evaluator",custom,0,0,none,30139,215516,7842,14,16384,3.1280333329999999,5395685172,1725581477
2026-08-25T20:01:58.796Z,unavailable,Release,N1-fixed,N1,,"N1:ntuple-td-learned:experiments/weights/n8_global_1M.at200000.bin:tuples=6+6+6+6+6,active=41,global,weights=83886336,hash=87a28c1c8afe36da",3,"depth counts player layers; depth 1 = player move, spawn, evaluator",custom,0,0,none,30140,177016,7443,13,8192,2.8535376659999998,5395685172,1725581477
2026-08-25T20:01:58.796Z,unavailable,Release,N1-fixed,N1,,"N1:ntuple-td-learned:experiments/weights/n8_global_1M.at200000.bin:tuples=6+6+6+6+6,active=41,global,weights=83886336,hash=87a28c1c8afe36da",3,"depth counts player layers; depth 1 = player move, spawn, evaluator",custom,0,0,none,30141,220452,8058,14,16384,3.465528666,5395685172,1725581477
2026-08-25T20:01:58.796Z,unavailable,Release,N1-fixed,N1,,"N1:ntuple-td-learned:experiments/weights/n8_global_1M.at200000.bin:tuples=6+6+6+6+6,active=41,global,weights=83886336,hash=87a28c1c8afe36da",3,"depth counts player layers; depth 1 = player move, spawn, evaluator",custom,0,0,none,30142,216700,7934,14,16384,3.1519986250000001,5395685172,1725581477
2026-08-25T20:01:58.796Z,unavailable,Release,N1-fixed,N1,,"N1:ntuple-td-learned:experiments/weights/n8_global_1M.at200000.bin:tuples=6+6+6+6+6,active=41,global,weights=83886336,hash=87a28c1c8afe36da",3,"depth counts player layers; depth 1 = player move, spawn, evaluator",custom,0,0,none,30143,216864,7907,14,16384,3.1782453749999999,5395685172,1725581477
2026-08-25T20:01:58.796Z,unavailable,Release,N1-fixed,N1,,"N1:ntuple-td-learned:experiments/weights/n8_global_1M.at200000.bin:tuples=6+6+6+6+6,active=41,global,weights=83886336,hash=87a28c1c8afe36da",3,"depth counts player layers; depth 1 = player move, spawn, evaluator",custom,0,0,none,30144,174892,7306,13,8192,2.8794054579999999,5395685172,1725581477
2026-08-25T20:01:58.796Z,unavailable,Release,N1-fixed,N1,,"N1:ntuple-td-learned:experiments/weights/n8_global_1M.at200000.bin:tuples=6+6+6+6+6,active=41,global,weights=83886336,hash=87a28c1c8afe36da",3,"depth counts player layers; depth 1 = player move, spawn, evaluator",custom,0,0,none,30145,119460,4868,13,8192,2.0707227079999999,5395685172,1725581477
2026-08-25T20:01:58.796Z,unavailable,Release,N1-fixed,N1,,"N1:ntuple-td-learned:experiments/weights/n8_global_1M.at200000.bin:tuples=6+6+6+6+6,active=41,global,weights=83886336,hash=87a28c1c8afe36da",3,"depth counts player layers; depth 1 = player move, spawn, evaluator",custom,0,0,none,30146,212844,7670,14,16384,3.0598106669999998,5395685172,1725581477
2026-08-25T20:01:58.796Z,unavailable,Release,N1-fixed,N1,,"N1:ntuple-td-learned:experiments/weights/n8_global_1M.at200000.bin:tuples=6+6+6+6+6,active=41,global,weights=83886336,hash=87a28c1c8afe36da",3,"depth counts player layers; depth 1 = player move, spawn, evaluator",custom,0,0,none,30147,213144,7697,14,16384,3.0744115829999998,5395685172,1725581477
2026-08-25T20:01:58.796Z,unavailable,Release,N1-fixed,N1,,"N1:ntuple-td-learned:experiments/weights/n8_global_1M.at200000.bin:tuples=6+6+6+6+6,active=41,global,weights=83886336,hash=87a28c1c8afe36da",3,"depth counts player layers; depth 1 = player move, spawn, evaluator",custom,0,0,none,30148,213196,7711,14,16384,3.0514470829999998,5395685172,1725581477
2026-08-25T20:01:58.796Z,unavailable,Release,N1-fixed,N1,,"N1:ntuple-td-learned:experiments/weights/n8_global_1M.at200000.bin:tuples=6+6+6+6+6,active=41,global,weights=83886336,hash=87a28c1c8afe36da",3,"depth counts player layers; depth 1 = player move, spawn, evaluator",custom,0,0,none,30149,221228,8107,14,16384,3.3324522499999998,5395685172,1725581477
2026-08-25T20:01:58.796Z,unavailable,Release,N1-fixed,N1,,"N1:ntuple-td-learned:experiments/weights/n8_global_1M.at200000.bin:tuples=6+6+6+6+6,active=41,global,weights=83886336,hash=87a28c1c8afe36da",3,"depth counts player layers; depth 1 = player move, spawn, evaluator",custom,0,0,none,30150,215552,7857,14,16384,3.3956224169999998,5395685172,1725581477
2026-08-25T20:01:58.796Z,unavailable,Release,N1-fixed,N1,,"N1:ntuple-td-learned:experiments/weights/n8_global_1M.at200000.bin:tuples=6+6+6+6+6,active=41,global,weights=83886336,hash=87a28c1c8afe36da",3,"depth counts player layers; depth 1 = player move, spawn, evaluator",custom,0,0,none,30151,176256,7378,13,8192,3.028472083,5395685172,1725581477
2026-08-25T20:01:58.796Z,unavailable,Release,N1-fixed,N1,,"N1:ntuple-td-learned:experiments/weights/n8_global_1M.at200000.bin:tuples=6+6+6+6+6,active=41,global,weights=83886336,hash=87a28c1c8afe36da",3,"depth counts player layers; depth 1 = player move, spawn, evaluator",custom,0,0,none,30152,176472,7364,13,8192,3.1796455419999998,5395685172,1725581477
2026-08-25T20:01:58.796Z,unavailable,Release,N1-fixed,N1,,"N1:ntuple-td-learned:experiments/weights/n8_global_1M.at200000.bin:tuples=6+6+6+6+6,active=41,global,weights=83886336,hash=87a28c1c8afe36da",3,"depth counts player layers; depth 1 = player move, spawn, evaluator",custom,0,0,none,30153,210288,7499,14,16384,3.1652631250000001,5395685172,1725581477
2026-08-25T20:01:58.796Z,unavailable,Release,N1-fixed,N1,,"N1:ntuple-td-learned:experiments/weights/n8_global_1M.at200000.bin:tuples=6+6+6+6+6,active=41,global,weights=83886336,hash=87a28c1c8afe36da",3,"depth counts player layers; depth 1 = player move, spawn, evaluator",custom,0,0,none,30154,80176,3715,12,4096,1.655591459,5395685172,1725581477
2026-08-25T20:01:58.796Z,unavailable,Release,N1-fixed,N1,,"N1:ntuple-td-learned:experiments/weights/n8_global_1M.at200000.bin:tuples=6+6+6+6+6,active=41,global,weights=83886336,hash=87a28c1c8afe36da",3,"depth counts player layers; depth 1 = player move, spawn, evaluator",custom,0,0,none,30155,220320,8019,14,16384,3.2571449170000002,5395685172,1725581477
2026-08-25T20:01:58.796Z,unavailable,Release,N1-fixed,N1,,"N1:ntuple-td-learned:experiments/weights/n8_global_1M.at200000.bin:tuples=6+6+6+6+6,active=41,global,weights=83886336,hash=87a28c1c8afe36da",3,"depth counts player layers; depth 1 = player move, spawn, evaluator",custom,0,0,none,30156,177496,7476,13,8192,3.1479434999999998,5395685172,1725581477
2026-08-25T20:01:58.796Z,unavailable,Release,N1-fixed,N1,,"N1:ntuple-td-learned:experiments/weights/n8_global_1M.at200000.bin:tuples=6+6+6+6+6,active=41,global,weights=83886336,hash=87a28c1c8afe36da",3,"depth counts player layers; depth 1 = player move, spawn, evaluator",custom,0,0,none,30157,224244,8249,14,16384,3.284932,5395685172,1725581477
2026-08-25T20:01:58.796Z,unavailable,Release,N1-fixed,N1,,"N1:ntuple-td-learned:experiments/weights/n8_global_1M.at200000.bin:tuples=6+6+6+6+6,active=41,global,weights=83886336,hash=87a28c1c8afe36da",3,"depth counts player layers; depth 1 = player move, spawn, evaluator",custom,0,0,none,30158,175428,7312,13,8192,2.8298289579999998,5395685172,1725581477
2026-08-25T20:01:58.796Z,unavailable,Release,N1-fixed,N1,,"N1:ntuple-td-learned:experiments/weights/n8_global_1M.at200000.bin:tuples=6+6+6+6+6,active=41,global,weights=83886336,hash=87a28c1c8afe36da",3,"depth counts player layers; depth 1 = player move, spawn, evaluator",custom,0,0,none,30159,174912,7295,13,8192,3.051479708,5395685172,1725581477
2026-08-25T20:01:58.796Z,unavailable,Release,N1-fixed,N1,,"N1:ntuple-td-learned:experiments/weights/n8_global_1M.at200000.bin:tuples=6+6+6+6+6,active=41,global,weights=83886336,hash=87a28c1c8afe36da",3,"depth counts player layers; depth 1 = player move, spawn, evaluator",custom,0,0,none,30160,216400,7859,14,16384,3.2591813329999999,5395685172,1725581477
2026-08-25T20:01:58.796Z,unavailable,Release,N1-fixed,N1,,"N1:ntuple-td-learned:experiments/weights/n8_global_1M.at200000.bin:tuples=6+6+6+6+6,active=41,global,weights=83886336,hash=87a28c1c8afe36da",3,"depth counts player layers; depth 1 = player move, spawn, evaluator",custom,0,0,none,30161,215416,7817,14,16384,3.1369881670000002,5395685172,1725581477
2026-08-25T20:01:58.796Z,unavailable,Release,N1-fixed,N1,,"N1:ntuple-td-learned:experiments/weights/n8_global_1M.at200000.bin:tuples=6+6+6+6+6,active=41,global,weights=83886336,hash=87a28c1c8afe36da",3,"depth counts player layers; depth 1 = player move, spawn, evaluator",custom,0,0,none,30162,216680,7861,14,16384,3.1017566250000002,5395685172,1725581477
2026-08-25T20:01:58.796Z,unavailable,Release,N1-fixed,N1,,"N1:ntuple-td-learned:experiments/weights/n8_global_1M.at200000.bin:tuples=6+6+6+6+6,active=41,global,weights=83886336,hash=87a28c1c8afe36da",3,"depth counts player layers; depth 1 = player move, spawn, evaluator",custom,0,0,none,30163,166164,6976,13,8192,2.7760378750000001,5395685172,1725581477
2026-08-25T20:01:58.796Z,unavailable,Release,N1-fixed,N1,,"N1:ntuple-td-learned:experiments/weights/n8_global_1M.at200000.bin:tuples=6+6+6+6+6,active=41,global,weights=83886336,hash=87a28c1c8afe36da",3,"depth counts player layers; depth 1 = player move, spawn, evaluator",custom,0,0,none,30164,217092,7920,14,16384,3.1437945840000001,5395685172,1725581477
2026-08-25T20:01:58.796Z,unavailable,Release,N1-fixed,N1,,"N1:ntuple-td-learned:experiments/weights/n8_global_1M.at200000.bin:tuples=6+6+6+6+6,active=41,global,weights=83886336,hash=87a28c1c8afe36da",3,"depth counts player layers; depth 1 = player move, spawn, evaluator",custom,0,0,none,30165,174096,7268,13,8192,2.998683459,5395685172,1725581477
2026-08-25T20:01:58.796Z,unavailable,Release,N1-fixed,N1,,"N1:ntuple-td-learned:experiments/weights/n8_global_1M.at200000.bin:tuples=6+6+6+6+6,active=41,global,weights=83886336,hash=87a28c1c8afe36da",3,"depth counts player layers; depth 1 = player move, spawn, evaluator",custom,0,0,none,30166,220540,8070,14,16384,3.2481936249999999,5395685172,1725581477
2026-08-25T20:01:58.796Z,unavailable,Release,N1-fixed,N1,,"N1:ntuple-td-learned:experiments/weights/n8_global_1M.at200000.bin:tuples=6+6+6+6+6,active=41,global,weights=83886336,hash=87a28c1c8afe36da",3,"depth counts player layers; depth 1 = player move, spawn, evaluator",custom,0,0,none,30167,213216,7727,14,16384,3.0627730830000002,5395685172,1725581477
2026-08-25T20:01:58.796Z,unavailable,Release,N1-fixed,N1,,"N1:ntuple-td-learned:experiments/weights/n8_global_1M.at200000.bin:tuples=6+6+6+6+6,active=41,global,weights=83886336,hash=87a28c1c8afe36da",3,"depth counts player layers; depth 1 = player move, spawn, evaluator",custom,0,0,none,30168,177172,7432,13,8192,2.954148542,5395685172,1725581477
2026-08-25T20:01:58.796Z,unavailable,Release,N1-fixed,N1,,"N1:ntuple-td-learned:experiments/weights/n8_global_1M.at200000.bin:tuples=6+6+6+6+6,active=41,global,weights=83886336,hash=87a28c1c8afe36da",3,"depth counts player layers; depth 1 = player move, spawn, evaluator",custom,0,0,none,30169,171784,7148,13,8192,2.9123820409999999,5395685172,1725581477
2026-08-25T20:01:58.796Z,unavailable,Release,N1-fixed,N1,,"N1:ntuple-td-learned:experiments/weights/n8_global_1M.at200000.bin:tuples=6+6+6+6+6,active=41,global,weights=83886336,hash=87a28c1c8afe36da",3,"depth counts player layers; depth 1 = player move, spawn, evaluator",custom,0,0,none,30170,177280,7454,13,8192,2.9275499580000002,5395685172,1725581477
2026-08-25T20:01:58.796Z,unavailable,Release,N1-fixed,N1,,"N1:ntuple-td-learned:experiments/weights/n8_global_1M.at200000.bin:tuples=6+6+6+6+6,active=41,global,weights=83886336,hash=87a28c1c8afe36da",3,"depth counts player layers; depth 1 = player move, spawn, evaluator",custom,0,0,none,30171,216472,7877,14,16384,3.1291081250000001,5395685172,1725581477
2026-08-25T20:01:58.796Z,unavailable,Release,N1-fixed,N1,,"N1:ntuple-td-learned:experiments/weights/n8_global_1M.at200000.bin:tuples=6+6+6+6+6,active=41,global,weights=83886336,hash=87a28c1c8afe36da",3,"depth counts player layers; depth 1 = player move, spawn, evaluator",custom,0,0,none,30172,175480,7325,13,8192,2.9001875830000001,5395685172,1725581477
2026-08-25T20:01:58.796Z,unavailable,Release,N1-fixed,N1,,"N1:ntuple-td-learned:experiments/weights/n8_global_1M.at200000.bin:tuples=6+6+6+6+6,active=41,global,weights=83886336,hash=87a28c1c8afe36da",3,"depth counts player layers; depth 1 = player move, spawn, evaluator",custom,0,0,none,30173,215448,7825,14,16384,3.6498432919999999,5395685172,1725581477
2026-08-25T20:01:58.796Z,unavailable,Release,N1-fixed,N1,,"N1:ntuple-td-learned:experiments/weights/n8_global_1M.at200000.bin:tuples=6+6+6+6+6,active=41,global,weights=83886336,hash=87a28c1c8afe36da",3,"depth counts player layers; depth 1 = player move, spawn, evaluator",custom,0,0,none,30174,211412,7598,14,16384,3.046384041,5395685172,1725581477
2026-08-25T20:01:58.796Z,unavailable,Release,N1-fixed,N1,,"N1:ntuple-td-learned:experiments/weights/n8_global_1M.at200000.bin:tuples=6+6+6+6+6,active=41,global,weights=83886336,hash=87a28c1c8afe36da",3,"depth counts player layers; depth 1 = player move, spawn, evaluator",custom,0,0,none,30175,216308,7850,14,16384,3.0771414579999998,5395685172,1725581477
2026-08-25T20:01:58.796Z,unavailable,Release,N1-fixed,N1,,"N1:ntuple-td-learned:experiments/weights/n8_global_1M.at200000.bin:tuples=6+6+6+6+6,active=41,global,weights=83886336,hash=87a28c1c8afe36da",3,"depth counts player layers; depth 1 = player move, spawn, evaluator",custom,0,0,none,30176,212916,7659,14,16384,3.0402070829999999,5395685172,1725581477
2026-08-25T20:01:58.796Z,unavailable,Release,N1-fixed,N1,,"N1:ntuple-td-learned:experiments/weights/n8_global_1M.at200000.bin:tuples=6+6+6+6+6,active=41,global,weights=83886336,hash=87a28c1c8afe36da",3,"depth counts player layers; depth 1 = player move, spawn, evaluator",custom,0,0,none,30177,112132,5038,12,4096,1.983953334,5395685172,1725581477
2026-08-25T20:01:58.796Z,unavailable,Release,N1-fixed,N1,,"N1:ntuple-td-learned:experiments/weights/n8_global_1M.at200000.bin:tuples=6+6+6+6+6,active=41,global,weights=83886336,hash=87a28c1c8afe36da",3,"depth counts player layers; depth 1 = player move, spawn, evaluator",custom,0,0,none,30178,236536,8825,14,16384,3.4692897500000002,5395685172,1725581477
2026-08-25T20:01:58.796Z,unavailable,Release,N1-fixed,N1,,"N1:ntuple-td-learned:experiments/weights/n8_global_1M.at200000.bin:tuples=6+6+6+6+6,active=41,global,weights=83886336,hash=87a28c1c8afe36da",3,"depth counts player layers; depth 1 = player move, spawn, evaluator",custom,0,0,none,30179,213352,7754,14,16384,3.02113875,5395685172,1725581477
2026-08-25T20:01:58.796Z,unavailable,Release,N1-fixed,N1,,"N1:ntuple-td-learned:experiments/weights/n8_global_1M.at200000.bin:tuples=6+6+6+6+6,active=41,global,weights=83886336,hash=87a28c1c8afe36da",3,"depth counts player layers; depth 1 = player move, spawn, evaluator",custom,0,0,none,30180,56488,2598,12,4096,1.0995972089999999,5395685172,1725581477
2026-08-25T20:01:58.796Z,unavailable,Release,N1-fixed,N1,,"N1:ntuple-td-learned:experiments/weights/n8_global_1M.at200000.bin:tuples=6+6+6+6+6,active=41,global,weights=83886336,hash=87a28c1c8afe36da",3,"depth counts player layers; depth 1 = player move, spawn, evaluator",custom,0,0,none,30181,221676,8152,14,16384,3.3034274579999998,5395685172,1725581477
2026-08-25T20:01:58.796Z,unavailable,Release,N1-fixed,N1,,"N1:ntuple-td-learned:experiments/weights/n8_global_1M.at200000.bin:tuples=6+6+6+6+6,active=41,global,weights=83886336,hash=87a28c1c8afe36da",3,"depth counts player layers; depth 1 = player move, spawn, evaluator",custom,0,0,none,30182,177208,7437,13,8192,2.9153514999999999,5395685172,1725581477
2026-08-25T20:01:58.796Z,unavailable,Release,N1-fixed,N1,,"N1:ntuple-td-learned:experiments/weights/n8_global_1M.at200000.bin:tuples=6+6+6+6+6,active=41,global,weights=83886336,hash=87a28c1c8afe36da",3,"depth counts player layers; depth 1 = player move, spawn, evaluator",custom,0,0,none,30183,156444,6476,13,8192,2.65442125,5395685172,1725581477
2026-08-25T20:01:58.796Z,unavailable,Release,N1-fixed,N1,,"N1:ntuple-td-learned:experiments/weights/n8_global_1M.at200000.bin:tuples=6+6+6+6+6,active=41,global,weights=83886336,hash=87a28c1c8afe36da",3,"depth counts player layers; depth 1 = player move, spawn, evaluator",custom,0,0,none,30184,216844,7905,14,16384,3.254299375,5395685172,1725581477
2026-08-25T20:01:58.796Z,unavailable,Release,N1-fixed,N1,,"N1:ntuple-td-learned:experiments/weights/n8_global_1M.at200000.bin:tuples=6+6+6+6+6,active=41,global,weights=83886336,hash=87a28c1c8afe36da",3,"depth counts player layers; depth 1 = player move, spawn, evaluator",custom,0,0,none,30185,177352,7467,13,8192,2.9312059580000001,5395685172,1725581477
2026-08-25T20:01:58.796Z,unavailable,Release,N1-fixed,N1,,"N1:ntuple-td-learned:experiments/weights/n8_global_1M.at200000.bin:tuples=6+6+6+6+6,active=41,global,weights=83886336,hash=87a28c1c8afe36da",3,"depth counts player layers; depth 1 = player move, spawn, evaluator",custom,0,0,none,30186,143792,5788,13,8192,2.4068987079999999,5395685172,1725581477
2026-08-25T20:01:58.796Z,unavailable,Release,N1-fixed,N1,,"N1:ntuple-td-learned:experiments/weights/n8_global_1M.at200000.bin:tuples=6+6+6+6+6,active=41,global,weights=83886336,hash=87a28c1c8afe36da",3,"depth counts player layers; depth 1 = player move, spawn, evaluator",custom,0,0,none,30187,213232,7715,14,16384,3.0841865830000001,5395685172,1725581477
2026-08-25T20:01:58.796Z,unavailable,Release,N1-fixed,N1,,"N1:ntuple-td-learned:experiments/weights/n8_global_1M.at200000.bin:tuples=6+6+6+6+6,active=41,global,weights=83886336,hash=87a28c1c8afe36da",3,"depth counts player layers; depth 1 = player move, spawn, evaluator",custom,0,0,none,30188,216480,7893,14,16384,3.0866678329999999,5395685172,1725581477
2026-08-25T20:01:58.796Z,unavailable,Release,N1-fixed,N1,,"N1:ntuple-td-learned:experiments/weights/n8_global_1M.at200000.bin:tuples=6+6+6+6+6,active=41,global,weights=83886336,hash=87a28c1c8afe36da",3,"depth counts player layers; depth 1 = player move, spawn, evaluator",custom,0,0,none,30189,221976,8161,14,16384,3.1922690419999999,5395685172,1725581477
2026-08-25T20:01:58.796Z,unavailable,Release,N1-fixed,N1,,"N1:ntuple-td-learned:experiments/weights/n8_global_1M.at200000.bin:tuples=6+6+6+6+6,active=41,global,weights=83886336,hash=87a28c1c8afe36da",3,"depth counts player layers; depth 1 = player move, spawn, evaluator",custom,0,0,none,30190,213192,7713,14,16384,3.107087833,5395685172,1725581477
2026-08-25T20:01:58.796Z,unavailable,Release,N1-fixed,N1,,"N1:ntuple-td-learned:experiments/weights/n8_global_1M.at200000.bin:tuples=6+6+6+6+6,active=41,global,weights=83886336,hash=87a28c1c8afe36da",3,"depth counts player layers; depth 1 = player move, spawn, evaluator",custom,0,0,none,30191,216500,7890,14,16384,3.3388334999999998,5395685172,1725581477
2026-08-25T20:01:58.796Z,unavailable,Release,N1-fixed,N1,,"N1:ntuple-td-learned:experiments/weights/n8_global_1M.at200000.bin:tuples=6+6+6+6+6,active=41,global,weights=83886336,hash=87a28c1c8afe36da",3,"depth counts player layers; depth 1 = player move, spawn, evaluator",custom,0,0,none,30192,215508,7836,14,16384,3.168461083,5395685172,1725581477
2026-08-25T20:01:58.796Z,unavailable,Release,N1-fixed,N1,,"N1:ntuple-td-learned:experiments/weights/n8_global_1M.at200000.bin:tuples=6+6+6+6+6,active=41,global,weights=83886336,hash=87a28c1c8afe36da",3,"depth counts player layers; depth 1 = player move, spawn, evaluator",custom,0,0,none,30193,216580,7904,14,16384,3.2092505,5395685172,1725581477
2026-08-25T20:01:58.796Z,unavailable,Release,N1-fixed,N1,,"N1:ntuple-td-learned:experiments/weights/n8_global_1M.at200000.bin:tuples=6+6+6+6+6,active=41,global,weights=83886336,hash=87a28c1c8afe36da",3,"depth counts player layers; depth 1 = player move, spawn, evaluator",custom,0,0,none,30194,177224,7442,13,8192,2.9533652090000002,5395685172,1725581477
2026-08-25T20:01:58.796Z,unavailable,Release,N1-fixed,N1,,"N1:ntuple-td-learned:experiments/weights/n8_global_1M.at200000.bin:tuples=6+6+6+6+6,active=41,global,weights=83886336,hash=87a28c1c8afe36da",3,"depth counts player layers; depth 1 = player move, spawn, evaluator",custom,0,0,none,30195,216692,7929,14,16384,3.1266900419999999,5395685172,1725581477
2026-08-25T20:01:58.796Z,unavailable,Release,N1-fixed,N1,,"N1:ntuple-td-learned:experiments/weights/n8_global_1M.at200000.bin:tuples=6+6+6+6+6,active=41,global,weights=83886336,hash=87a28c1c8afe36da",3,"depth counts player layers; depth 1 = player move, spawn, evaluator",custom,0,0,none,30196,223560,8213,14,16384,3.0708259579999999,5395685172,1725581477
2026-08-25T20:01:58.796Z,unavailable,Release,N1-fixed,N1,,"N1:ntuple-td-learned:experiments/weights/n8_global_1M.at200000.bin:tuples=6+6+6+6+6,active=41,global,weights=83886336,hash=87a28c1c8afe36da",3,"depth counts player layers; depth 1 = player move, spawn, evaluator",custom,0,0,none,30197,142944,6359,12,4096,2.3012493329999999,5395685172,1725581477
2026-08-25T20:01:58.796Z,unavailable,Release,N1-fixed,N1,,"N1:ntuple-td-learned:experiments/weights/n8_global_1M.at200000.bin:tuples=6+6+6+6+6,active=41,global,weights=83886336,hash=87a28c1c8afe36da",3,"depth counts player layers; depth 1 = player move, spawn, evaluator",custom,0,0,none,30198,174920,7316,13,8192,2.9157785829999998,5395685172,1725581477
2026-08-25T20:01:58.796Z,unavailable,Release,N1-fixed,N1,,"N1:ntuple-td-learned:experiments/weights/n8_global_1M.at200000.bin:tuples=6+6+6+6+6,active=41,global,weights=83886336,hash=87a28c1c8afe36da",3,"depth counts player layers; depth 1 = player move, spawn, evaluator",custom,0,0,none,30199,175360,7306,13,8192,2.8904307920000001,5395685172,1725581477
