timestamp_utc,git_commit,build_mode,agent,evaluator,evaluator_parameters,feature_configuration,search_depth,depth_definition,seed_partition,optimization_configuration,seed,score,moves,max_tile_exponent,max_tile,runtime_seconds,aggregate_search_total_nodes,aggregate_search_cache_hits
2026-08-18T18:48:59.515Z,unavailable,Release,baseline,baseline-heuristic,empty_cells=270;monotonicity=47;smoothness=15;corner_preference=100,"baseline-v1:empty-cells,monotonicity,smoothness,corner-preference",3,"depth counts player layers; depth 1 = player move, spawn, evaluator",validation,none,10025,17132,1029,10,1024,1.19809275,698079960,83798613
2026-08-18T18:48:59.515Z,unavailable,Release,baseline,baseline-heuristic,empty_cells=270;monotonicity=47;smoothness=15;corner_preference=100,"baseline-v1:empty-cells,monotonicity,smoothness,corner-preference",3,"depth counts player layers; depth 1 = player move, spawn, evaluator",validation,none,10026,16524,990,10,1024,1.2019422500000001,698079960,83798613
2026-08-18T18:48:59.515Z,unavailable,Release,baseline,baseline-heuristic,empty_cells=270;monotonicity=47;smoothness=15;corner_preference=100,"baseline-v1:empty-cells,monotonicity,smoothness,corner-preference",3,"depth counts player layers; depth 1 = player move, spawn, evaluator",validation,none,10027,35432,1829,11,2048,1.860441875,698079960,83798613
2026-08-18T18:48:59.515Z,unavailable,Release,baseline,baseline-heuristic,empty_cells=270;monotonicity=47;smoothness=15;corner_preference=100,"baseline-v1:empty-cells,monotonicity,smoothness,corner-preference",3,"depth counts player layers; depth 1 = player move, spawn, evaluator",validation,none,10028,27440,1447,11,2048,1.753389125,698079960,83798613
2026-08-18T18:48:59.515Z,unavailable,Release,baseline,baseline-heuristic,empty_cells=270;monotonicity=47;smoothness=15;corner_preference=100,"baseline-v1:empty-cells,monotonicity,smoothness,corner-preference",3,"depth counts player layers; depth 1 = player move, spawn, evaluator",validation,none,10029,35220,1805,11,2048,1.849552208,698079960,83798613
2026-08-18T18:48:59.515Z,unavailable,Release,baseline,baseline-heuristic,empty_cells=270;monotonicity=47;smoothness=15;corner_preference=100,"baseline-v1:empty-cells,monotonicity,smoothness,corner-preference",3,"depth counts player layers; depth 1 = player move, spawn, evaluator",validation,none,10030,12308,732,10,1024,0.996374333,698079960,83798613
2026-08-18T18:48:59.515Z,unavailable,Release,baseline,baseline-heuristic,empty_cells=270;monotonicity=47;smoothness=15;corner_preference=100,"baseline-v1:empty-cells,monotonicity,smoothness,corner-preference",3,"depth counts player layers; depth 1 = player move, spawn, evaluator",validation,none,10031,60484,2816,12,4096,2.5227308750000002,698079960,83798613
2026-08-18T18:48:59.515Z,unavailable,Release,baseline,baseline-heuristic,empty_cells=270;monotonicity=47;smoothness=15;corner_preference=100,"baseline-v1:empty-cells,monotonicity,smoothness,corner-preference",3,"depth counts player layers; depth 1 = player move, spawn, evaluator",validation,none,10032,9492,612,9,512,0.74419999999999997,698079960,83798613
2026-08-18T18:48:59.515Z,unavailable,Release,baseline,baseline-heuristic,empty_cells=270;monotonicity=47;smoothness=15;corner_preference=100,"baseline-v1:empty-cells,monotonicity,smoothness,corner-preference",3,"depth counts player layers; depth 1 = player move, spawn, evaluator",validation,none,10033,14628,872,10,1024,1.1926129169999999,698079960,83798613
2026-08-18T18:48:59.515Z,unavailable,Release,baseline,baseline-heuristic,empty_cells=270;monotonicity=47;smoothness=15;corner_preference=100,"baseline-v1:empty-cells,monotonicity,smoothness,corner-preference",3,"depth counts player layers; depth 1 = player move, spawn, evaluator",validation,none,10034,16244,956,10,1024,1.1918326669999999,698079960,83798613
2026-08-18T18:48:59.515Z,unavailable,Release,baseline,baseline-heuristic,empty_cells=270;monotonicity=47;smoothness=15;corner_preference=100,"baseline-v1:empty-cells,monotonicity,smoothness,corner-preference",3,"depth counts player layers; depth 1 = player move, spawn, evaluator",validation,none,10035,35496,1829,11,2048,1.9115305410000001,698079960,83798613
2026-08-18T18:48:59.515Z,unavailable,Release,baseline,baseline-heuristic,empty_cells=270;monotonicity=47;smoothness=15;corner_preference=100,"baseline-v1:empty-cells,monotonicity,smoothness,corner-preference",3,"depth counts player layers; depth 1 = player move, spawn, evaluator",validation,none,10036,36100,1864,11,2048,2.0623600830000002,698079960,83798613
2026-08-18T18:48:59.515Z,unavailable,Release,baseline,baseline-heuristic,empty_cells=270;monotonicity=47;smoothness=15;corner_preference=100,"baseline-v1:empty-cells,monotonicity,smoothness,corner-preference",3,"depth counts player layers; depth 1 = player move, spawn, evaluator",validation,none,10037,16276,970,10,1024,1.1580242080000001,698079960,83798613
2026-08-18T18:48:59.515Z,unavailable,Release,baseline,baseline-heuristic,empty_cells=270;monotonicity=47;smoothness=15;corner_preference=100,"baseline-v1:empty-cells,monotonicity,smoothness,corner-preference",3,"depth counts player layers; depth 1 = player move, spawn, evaluator",validation,none,10038,15728,919,10,1024,1.209721458,698079960,83798613
2026-08-18T18:48:59.515Z,unavailable,Release,baseline,baseline-heuristic,empty_cells=270;monotonicity=47;smoothness=15;corner_preference=100,"baseline-v1:empty-cells,monotonicity,smoothness,corner-preference",3,"depth counts player layers; depth 1 = player move, spawn, evaluator",validation,none,10039,30656,1563,11,2048,1.657706042,698079960,83798613
2026-08-18T18:48:59.515Z,unavailable,Release,baseline,baseline-heuristic,empty_cells=270;monotonicity=47;smoothness=15;corner_preference=100,"baseline-v1:empty-cells,monotonicity,smoothness,corner-preference",3,"depth counts player layers; depth 1 = player move, spawn, evaluator",validation,none,10040,33868,1727,11,2048,1.8725462500000001,698079960,83798613
2026-08-18T18:48:59.515Z,unavailable,Release,baseline,baseline-heuristic,empty_cells=270;monotonicity=47;smoothness=15;corner_preference=100,"baseline-v1:empty-cells,monotonicity,smoothness,corner-preference",3,"depth counts player layers; depth 1 = player move, spawn, evaluator",validation,none,10041,60088,2792,12,4096,2.703654083,698079960,83798613
2026-08-18T18:48:59.515Z,unavailable,Release,baseline,baseline-heuristic,empty_cells=270;monotonicity=47;smoothness=15;corner_preference=100,"baseline-v1:empty-cells,monotonicity,smoothness,corner-preference",3,"depth counts player layers; depth 1 = player move, spawn, evaluator",validation,none,10042,32340,1653,11,2048,1.7013739999999999,698079960,83798613
2026-08-18T18:48:59.515Z,unavailable,Release,baseline,baseline-heuristic,empty_cells=270;monotonicity=47;smoothness=15;corner_preference=100,"baseline-v1:empty-cells,monotonicity,smoothness,corner-preference",3,"depth counts player layers; depth 1 = player move, spawn, evaluator",validation,none,10043,35856,1840,11,2048,1.7973959580000001,698079960,83798613
2026-08-18T18:48:59.515Z,unavailable,Release,baseline,baseline-heuristic,empty_cells=270;monotonicity=47;smoothness=15;corner_preference=100,"baseline-v1:empty-cells,monotonicity,smoothness,corner-preference",3,"depth counts player layers; depth 1 = player move, spawn, evaluator",validation,none,10044,31872,1627,11,2048,1.874471,698079960,83798613
2026-08-18T18:48:59.515Z,unavailable,Release,baseline,baseline-heuristic,empty_cells=270;monotonicity=47;smoothness=15;corner_preference=100,"baseline-v1:empty-cells,monotonicity,smoothness,corner-preference",3,"depth counts player layers; depth 1 = player move, spawn, evaluator",validation,none,10045,27512,1448,11,2048,1.60846825,698079960,83798613
2026-08-18T18:48:59.515Z,unavailable,Release,baseline,baseline-heuristic,empty_cells=270;monotonicity=47;smoothness=15;corner_preference=100,"baseline-v1:empty-cells,monotonicity,smoothness,corner-preference",3,"depth counts player layers; depth 1 = player move, spawn, evaluator",validation,none,10046,36052,1876,11,2048,1.8878209159999999,698079960,83798613
2026-08-18T18:48:59.515Z,unavailable,Release,baseline,baseline-heuristic,empty_cells=270;monotonicity=47;smoothness=15;corner_preference=100,"baseline-v1:empty-cells,monotonicity,smoothness,corner-preference",3,"depth counts player layers; depth 1 = player move, spawn, evaluator",validation,none,10047,35440,1820,11,2048,1.8798222090000001,698079960,83798613
2026-08-18T18:48:59.515Z,unavailable,Release,baseline,baseline-heuristic,empty_cells=270;monotonicity=47;smoothness=15;corner_preference=100,"baseline-v1:empty-cells,monotonicity,smoothness,corner-preference",3,"depth counts player layers; depth 1 = player move, spawn, evaluator",validation,none,10048,14760,877,10,1024,1.1553287919999999,698079960,83798613
2026-08-18T18:48:59.515Z,unavailable,Release,baseline,baseline-heuristic,empty_cells=270;monotonicity=47;smoothness=15;corner_preference=100,"baseline-v1:empty-cells,monotonicity,smoothness,corner-preference",3,"depth counts player layers; depth 1 = player move, spawn, evaluator",validation,none,10049,32364,1671,11,2048,1.7481428750000001,698079960,83798613
